UF;CODUF;CODMUNIC;MUNICIPIO;POPULACAO;GEOCODE;LONG;LAT
RO;11;15;Alta Floresta D'Oeste;22945;1100015;-61,9998239;-11,9355403
RO;11;23;Ariquemes;107863;1100023;-63,03326928;-9,908462867
RO;11;31;Cabixi;5312;1100031;-60,54431358;-13,49976346
RO;11;49;Cacoal;85359;1100049;-61,44294421;-11,43386503
RO;11;56;Cerejeiras;16323;1100056;-60,81842616;-13,19503303
RO;11;64;Colorado do Oeste;15882;1100064;-60,55506746;-13,13056384
RO;11;72;Corumbiara;7391;1100072;-60,94870117;-12,99752024
RO;11;80;Costa Marques;18331;1100080;-64,23165394;-12,43601388
RO;11;98;Espigão D'Oeste;32374;1100098;-61,02017311;-11,52855463
RO;11;106;Guajará-Mirim;46174;1100106;-65,32395182;-10,77388374
RO;11;114;Jaru;51775;1100114;-62,47623071;-10,43594877
RO;11;122;Ji-Paraná;128969;1100122;-61,94509458;-10,88205132
RO;11;130;Machadinho D'Oeste;39991;1100130;-61,99959257;-9,42556248
RO;11;148;Nova Brasilândia D'Oeste;20474;1100148;-62,30823016;-11,72132541
RO;11;155;Ouro Preto do Oeste;36035;1100155;-62,26105519;-10,7235739
RO;11;189;Pimenta Bueno;36660;1100189;-61,18366567;-11,67753699
RO;11;205;Porto Velho;529544;1100205;-63,83144565;-8,76889179
RO;11;254;Presidente Médici;18986;1100254;-61,90943868;-11,17320502
RO;11;262;Rio Crespo;3764;1100262;-62,90001037;-9,70553671
RO;11;288;Rolim de Moura;55058;1100288;-61,78578094;-11,72225891
RO;11;296;Santa Luzia D'Oeste;6495;1100296;-61,77330546;-11,90842333
RO;11;304;Vilhena;99854;1100304;-60,13858387;-12,74137347
RO;11;320;São Miguel do Guaporé;23005;1100320;-62,72006348;-11,69948974
RO;11;338;Nova Mamoré;30583;1100338;-65,32914902;-10,41177129
RO;11;346;Alvorada D'Oeste;14411;1100346;-62,27727487;-11,34413002
RO;11;379;Alto Alegre dos Parecis;13241;1100379;-61,85307717;-12,13177722
RO;11;403;Alto Paraíso;21428;1100403;-63,31762943;-9,716666738
RO;11;452;Buritis;39654;1100452;-63,82967879;-10,20980541
RO;11;502;Novo Horizonte do Oeste;8538;1100502;-61,99438766;-11,70974292
RO;11;601;Cacaulândia;6230;1100601;-62,90318993;-10,33887284
RO;11;700;Campo Novo de Rondônia;14139;1100700;-63,62499143;-10,56841647
RO;11;809;Candeias do Jamari;26693;1100809;-63,70002007;-8,785020703
RO;11;908;Castanheiras;3052;1100908;-61,9491612;-11,42684223
RO;11;924;Chupinguaia;11182;1100924;-60,90184775;-12,55684076
RO;11;940;Cujubim;25215;1100940;-62,58717453;-9,378193399
RO;11;1005;Governador Jorge Teixeira;7767;1101005;-62,74045764;-10,61207177
RO;11;1104;Itapuã do Oeste;10458;1101104;-63,18233702;-9,191871675
RO;11;1203;Ministro Andreazza;9660;1101203;-61,51892193;-11,19623798
RO;11;1302;Mirante da Serra;10947;1101302;-62,6694271;-11,04560929
RO;11;1401;Monte Negro;15852;1101401;-63,29555917;-10,26309776
RO;11;1435;Nova União;6970;1101435;-62,5550894;-10,91553204
RO;11;1450;Parecis;6074;1101450;-61,59799797;-12,17982705
RO;11;1468;Pimenteiras do Oeste;2169;1101468;-61,044379;-13,476562
RO;11;1476;Primavera de Rondônia;2856;1101476;-61,31654624;-11,82570695
RO;11;1484;São Felipe D'Oeste;5172;1101484;-61,51250811;-11,91438935
RO;11;1492;São Francisco do Guaporé;20266;1101492;-63,57086471;-12,06379841
RO;11;1500;Seringueiras;11856;1101500;-63,038761;-11,76711664
RO;11;1559;Teixeirópolis;4308;1101559;-62,25592225;-10,93216929
RO;11;1609;Theobroma;10444;1101609;-62,34514553;-10,24873055
RO;11;1708;Urupá;11467;1101708;-62,37063245;-11,12854528
RO;11;1757;Vale do Anari;11204;1101757;-62,17682344;-9,851392708
RO;11;1807;Vale do Paraíso;6825;1101807;-62,13439036;-10,43105268
AC;12;13;Acrelândia;15256;1200013;-67,05231658;-10,07379389
AC;12;54;Assis Brasil;7417;1200054;-69,56345917;-10,94286568
AC;12;104;Brasiléia;26278;1200104;-68,74794343;-11,01641102
AC;12;138;Bujari;10266;1200138;-67,95185928;-9,820019627
AC;12;179;Capixaba;11733;1200179;-67,67350797;-10,56976771
AC;12;203;Cruzeiro do Sul;88376;1200203;-72,67253132;-7,630690005
AC;12;252;Epitaciolândia;18411;1200252;-68,74486807;-11,02823983
AC;12;302;Feijó;34780;1200302;-70,35398361;-8,16024753
AC;12;328;Jordão;8317;1200328;-71,95087512;-9,19335786
AC;12;336;Mâncio Lima;18977;1200336;-72,91650103;-7,593222594
AC;12;344;Manoel Urbano;9459;1200344;-69,25994458;-8,836317737
AC;12;351;Marechal Thaumaturgo;18867;1200351;-72,79026591;-8,953591123
AC;12;385;Plácido de Castro;19761;1200385;-67,18826009;-10,33513328
AC;12;393;Porto Walter;11982;1200393;-72,74233396;-8,266666363
AC;12;401;Rio Branco;407319;1200401;-67,8105287;-9,978298753
AC;12;427;Rodrigues Alves;18930;1200427;-72,64785491;-7,733602034
AC;12;435;Santa Rosa do Purus;6540;1200435;-70,48649689;-9,443406537
AC;12;450;Senador Guiomard;23024;1200450;-67,74317236;-10,14817359
AC;12;500;Sena Madureira;45848;1200500;-68,65568406;-9,065339505
AC;12;609;Tarauacá;42567;1200609;-70,75550106;-8,155668592
AC;12;708;Xapuri;19323;1200708;-68,50629481;-10,65207194
AC;12;807;Porto Acre;18504;1200807;-67,54059008;-9,600858231
AM;13;29;Alvarães;16041;1300029;-64,81353468;-3,216583769
AM;13;60;Amaturá;11536;1300060;-68,20961464;-3,366805188
AM;13;86;Anamã;13614;1300086;-61,40590348;-3,576370427
AM;13;102;Anori;21010;1300102;-61,65895538;-3,745385586
AM;13;144;Apuí;21973;1300144;-59,8856661;-7,197870152
AM;13;201;Atalaia do Norte;19921;1300201;-70,18798928;-4,36615749
AM;13;300;Autazes;39565;1300300;-59,13356709;-3,578663642
AM;13;409;Barcelos;27502;1300409;-62,92566966;-0,972801053
AM;13;508;Barreirinha;32041;1300508;-57,06775049;-2,798149837
AM;13;607;Benjamin Constant;42984;1300607;-70,02734843;-4,374989019
AM;13;631;Beruri;19679;1300631;-61,37157089;-3,89451341
AM;13;680;Boa Vista do Ramos;19207;1300680;-57,58770735;-2,971726532
AM;13;706;Boca do Acre;34308;1300706;-67,39957776;-8,751243196
AM;13;805;Borba;41161;1300805;-59,59455902;-4,390619891
AM;13;839;Caapiranga;13081;1300839;-61,21133413;-3,330093392
AM;13;904;Canutama;15629;1300904;-64,39423082;-6,529106076
AM;13;1001;Carauari;28294;1301001;-66,89663528;-4,881665904
AM;13;1100;Careiro;37869;1301100;-60,36380984;-3,82244727
AM;13;1159;Careiro da Várzea;30225;1301159;-59,82631406;-3,197396595
AM;13;1209;Coari;85097;1301209;-63,14218398;-4,084219159
AM;13;1308;Codajás;28637;1301308;-62,06342966;-3,843045933
AM;13;1407;Eirunepé;35273;1301407;-69,86629026;-6,667352567
AM;13;1506;Envira;20033;1301506;-70,03041254;-7,439817544
AM;13;1605;Fonte Boa;17609;1301605;-66,09650299;-2,512270685
AM;13;1654;Guajará;16678;1301654;-72,58243054;-7,547774415
AM;13;1704;Humaitá;55080;1301704;-63,02669802;-7,512224951
AM;13;1803;Ipixuna;29689;1301803;-71,69441806;-7,050980114
AM;13;1852;Iranduba;48296;1301852;-60,19338817;-3,281053878
AM;13;1902;Itacoatiara;101337;1301902;-58,44017544;-3,140378804
AM;13;1951;Itamarati;7851;1301951;-68,24791744;-6,437799349
AM;13;2009;Itapiranga;9148;1302009;-58,03454588;-2,741842752
AM;13;2108;Japurá;2755;1302108;-66,99690349;-1,880844859
AM;13;2207;Juruá;14712;1302207;-66,06304193;-3,474889599
AM;13;2306;Jutaí;14317;1302306;-66,77132755;-2,744646447
AM;13;2405;Lábrea;46069;1302405;-64,79477303;-7,261946553
AM;13;2504;Manacapuru;97377;1302504;-60,62058945;-3,298278035
AM;13;2553;Manaquiri;32105;1302553;-60,45888131;-3,429079669
AM;13;2603;Manaus;2182763;1302603;-60,02333518;-3,134691491
AM;13;2702;Manicoré;55751;1302702;-61,29924841;-5,813205261
AM;13;2801;Maraã;18224;1302801;-65,5742837;-1,866436877
AM;13;2900;Maués;63905;1302900;-57,71503439;-3,386427926
AM;13;3007;Nhamundá;21173;1303007;-56,71676991;-2,188983767
AM;13;3106;Nova Olinda do Norte;37378;1303106;-59,09307403;-3,887592832
AM;13;3205;Novo Airão;19454;1303205;-60,94881071;-2,623432459
AM;13;3304;Novo Aripuanã;25644;1303304;-60,37704567;-5,122669314
AM;13;3403;Parintins;114273;1303403;-56,73629215;-2,627052586
AM;13;3502;Pauini;19426;1303502;-67,00209749;-7,714043644
AM;13;3536;Presidente Figueiredo;36279;1303536;-60,02564683;-2,058429085
AM;13;3569;Rio Preto da Eva;33347;1303569;-59,70473809;-2,693301542
AM;13;3601;Santa Isabel do Rio Negro;25156;1303601;-65,02002264;-0,416694832
AM;13;3700;Santo Antônio do Içá;21602;1303700;-67,94648514;-3,107486309
AM;13;3809;São Gabriel da Cachoeira;45564;1303809;-67,0836429;-0,136462788
AM;13;3908;São Paulo de Olivença;39299;1303908;-68,94485349;-3,466509623
AM;13;3957;São Sebastião do Uatumã;14020;1303957;-57,87034636;-2,57015258
AM;13;4005;Silves;9171;1304005;-58,21480086;-2,83642743
AM;13;4062;Tabatinga;65844;1304062;-69,94624438;-4,231883676
AM;13;4104;Tapauá;17156;1304104;-63,18709487;-5,624223518
AM;13;4203;Tefé;59849;1304203;-64,70841966;-3,348372494
AM;13;4237;Tonantins;18755;1304237;-67,77648228;-2,86109125
AM;13;4260;Uarini;13540;1304260;-65,15534564;-2,983609243
AM;13;4302;Urucará;16256;1304302;-57,75982817;-2,536611672
AM;13;4401;Urucurituba;23065;1304401;-58,15964104;-3,134633116
RR;14;27;Amajari;12796;1400027;-61,42059017;3,652118445
RR;14;50;Alto Alegre;15510;1400050;-61,31402239;2,993822948
RR;14;100;Boa Vista;399213;1400100;-60,67053267;2,816681919
RR;14;159;Bonfim;12409;1400159;-59,87800663;3,350288619
RR;14;175;Cantá;18335;1400175;-60,60206285;2,607666398
RR;14;209;Caracaraí;21926;1400209;-61,14917687;1,803871247
RR;14;233;Caroebe;10169;1400233;-59,69481007;0,872674507
RR;14;282;Iracema;11950;1400282;-61,05225859;2,168214765
RR;14;308;Mucajaí;17853;1400308;-60,91151853;2,479772235
RR;14;407;Normandia;11290;1400407;-59,63520628;3,882978285
RR;14;456;Pacaraima;17401;1400456;-61,14730635;4,47525934
RR;14;472;Rorainópolis;30163;1400472;-60,42506049;0,937195394
RR;14;506;São João da Baliza;8201;1400506;-59,90604435;0,947157427
RR;14;605;São Luiz;7986;1400605;-60,02826677;1,018111627
RR;14;704;Uiramutã;10559;1400704;-60,19571615;4,585440388
PA;15;107;Abaetetuba;157698;1500107;-48,88440382;-1,723469863
PA;15;131;Abel Figueiredo;7434;1500131;-48,39676213;-4,951390896
PA;15;206;Acará;55591;1500206;-48,20045643;-1,9634365
PA;15;305;Afuá;39218;1500305;-50,39142759;-0,159171694
PA;15;347;Água Azul do Norte;27430;1500347;-50,48527451;-6,804948867
PA;15;404;Alenquer;56789;1500404;-54,74086235;-1,951397505
PA;15;503;Almeirim;34109;1500503;-52,57683509;-1,527338803
PA;15;602;Altamira;114594;1500602;-52,21437631;-3,20565951
PA;15;701;Anajás;29277;1500701;-49,94500104;-0,984451394
PA;15;800;Ananindeua;530598;1500800;-48,37206665;-1,368713568
PA;15;859;Anapu;27890;1500859;-51,2016218;-3,476104635
PA;15;909;Augusto Corrêa;45998;1500909;-46,64164579;-1,02292101
PA;15;958;Aurora do Pará;31338;1500958;-47,5561746;-2,129376013
PA;15;1006;Aveiro;16388;1501006;-55,33073439;-3,605595259
PA;15;1105;Bagre;30673;1501105;-50,22198692;-1,88980806
PA;15;1204;Baião;47446;1501204;-49,67275337;-2,791961861
PA;15;1253;Bannach;3286;1501253;-50,40604712;-7,351072192
PA;15;1303;Barcarena;124680;1501303;-48,62707289;-1,505767005
PA;15;1402;Belém;1492745;1501402;-48,48782569;-1,459845
PA;15;1451;Belterra;17732;1501451;-54,94267474;-2,649020169
PA;15;1501;Benevides;62737;1501501;-48,24183645;-1,361437515
PA;15;1576;Bom Jesus do Tocantins;16981;1501576;-48,59903996;-5,047362704
PA;15;1600;Bonito;16286;1501600;-47,30589182;-1,367474357
PA;15;1709;Bragança;127686;1501709;-46,76575421;-1,053523956
PA;15;1725;Brasil Novo;15086;1501725;-52,54344119;-3,297803704
PA;15;1758;Brejo Grande do Araguaia;7380;1501758;-48,40576042;-5,707296154
PA;15;1782;Breu Branco;66046;1501782;-49,56987968;-3,778135413
PA;15;1808;Breves;102701;1501808;-50,4808948;-1,6907365
PA;15;1907;Bujaru;29132;1501907;-48,03587501;-1,513991462
PA;15;1956;Cachoeira do Piriá;33900;1501956;-46,54739142;-1,752897005
PA;15;2004;Cachoeira do Arari;23767;1502004;-48,96066758;-1,008786266
PA;15;2103;Cametá;137890;1502103;-49,49783017;-2,24683848
PA;15;2152;Canaã dos Carajás;37085;1502152;-49,84895843;-6,532196616
PA;15;2202;Capanema;69027;1502202;-47,17512612;-1,192441995
PA;15;2301;Capitão Poço;54303;1502301;-47,06282538;-1,746187293
PA;15;2400;Castanhal;200793;1502400;-47,92664314;-1,295756805
PA;15;2509;Chaves;23717;1502509;-49,98931861;-0,16243729
PA;15;2608;Colares;12085;1502608;-48,28872843;-0,932091244
PA;15;2707;Conceição do Araguaia;47864;1502707;-49,26450081;-8,26486353
PA;15;2756;Concórdia do Pará;33318;1502756;-47,94988694;-1,984521463
PA;15;2764;Cumaru do Norte;13473;1502764;-50,77157838;-7,811106537
PA;15;2772;Curionópolis;17929;1502772;-49,60221422;-6,096819952
PA;15;2806;Curralinho;34448;1502806;-49,79152285;-1,80942342
PA;15;2855;Curuá;14393;1502855;-55,11967861;-1,889928704
PA;15;2905;Curuçá;40066;1502905;-47,85126509;-0,73249551
PA;15;2939;Dom Eliseu;59719;1502939;-47,55591489;-4,29077772
PA;15;2954;Eldorado do Carajás;33808;1502954;-49,37395194;-6,103525161
PA;15;3002;Faro;7194;1503002;-56,74575302;-2,172975242
PA;15;3044;Floresta do Araguaia;20304;1503044;-49,69757841;-7,558700872
PA;15;3077;Garrafão do Norte;26066;1503077;-47,04504602;-1,931697043
PA;15;3093;Goianésia do Pará;40475;1503093;-49,10104492;-3,842468
PA;15;3101;Gurupá;33376;1503101;-51,64369572;-1,404918
PA;15;3200;Igarapé-Açu;38807;1503200;-47,62237549;-1,124322
PA;15;3309;Igarapé-Miri;62698;1503309;-48,96229947;-1,983116
PA;15;3408;Inhangapi;11711;1503408;-47,91339275;-1,426581981
PA;15;3457;Ipixuna do Pará;64053;1503457;-47,49971759;-2,5575285
PA;15;3507;Irituia;32550;1503507;-47,44075561;-1,771474995
PA;15;3606;Itaituba;101247;1503606;-55,99004886;-4,26372948
PA;15;3705;Itupiranga;53269;1503705;-49,32442586;-5,128837026
PA;15;3754;Jacareacanga;8239;1503754;-57,76633986;-6,223551731
PA;15;3804;Jacundá;59155;1503804;-49,11278156;-4,448405475
PA;15;3903;Juruti;57943;1503903;-56,09499769;-2,155252995
PA;15;4000;Limoeiro do Ajuru;28935;1504000;-49,3815339;-1,8919485
PA;15;4059;Mãe do Rio;30077;1504059;-47,55229018;-2,047707441
PA;15;4109;Magalhães Barata;8548;1504109;-47,5991819;-0,795850156
PA;15;4208;Marabá;279349;1504208;-49,14202533;-5,352605763
PA;15;4307;Maracanã;29473;1504307;-47,45526796;-0,76241946
PA;15;4406;Marapanim;28336;1504406;-47,70254875;-0,712150996
PA;15;4422;Marituba;131521;1504422;-48,34053588;-1,346417266
PA;15;4455;Medicilândia;31597;1504455;-52,88834535;-3,445417412
PA;15;4505;Melgaço;27654;1504505;-50,7174647;-1,803446699
PA;15;4604;Mocajuba;31136;1504604;-49,50902346;-2,582872973
PA;15;4703;Moju;82094;1504703;-48,76719913;-1,885889
PA;15;4752;Mojuí dos Campos;16084;1504752;-54,64312;-2,68472
PA;15;4802;Monte Alegre;58032;1504802;-54,07337473;-2,003328
PA;15;4901;Muaná;40349;1504901;-49,21683244;-1,530026208
PA;15;4950;Nova Esperança do Piriá;21368;1504950;-46,96209288;-2,267625989
PA;15;4976;Nova Ipixuna;16678;1504976;-49,07988694;-4,923086307
PA;15;5007;Nova Timboteua;15363;1505007;-47,39320228;-1,204143647
PA;15;5031;Novo Progresso;25762;1505031;-55,41987012;-7,034835913
PA;15;5064;Novo Repartimento;75919;1505064;-49,94863824;-4,2481485
PA;15;5106;Óbidos;52137;1505106;-55,51632351;-1,909235496
PA;15;5205;Oeiras do Pará;32512;1505205;-49,85510611;-2,004734
PA;15;5304;Oriximiná;73096;1505304;-55,86279952;-1,7637535
PA;15;5403;Ourém;17842;1505403;-47,11761936;-1,548947142
PA;15;5437;Ourilândia do Norte;32832;1505437;-51,09083277;-6,740617086
PA;15;5486;Pacajá;47706;1505486;-50,63484083;-3,830305704
PA;15;5494;Palestina do Pará;7589;1505494;-48,32179373;-5,749934106
PA;15;5502;Paragominas;113145;1505502;-47,35696156;-2,9941905
PA;15;5536;Parauapebas;208273;1505536;-49,90078063;-6,072729888
PA;15;5551;Pau D'Arco;5483;1505551;-50,04827553;-7,836794404
PA;15;5601;Peixe-Boi;8077;1505601;-47,31792702;-1,189569241
PA;15;5635;Piçarra;12981;1505635;-48,86840067;-6,453676235
PA;15;5650;Placas;30982;1505650;-54,21696813;-3,867315562
PA;15;5700;Ponta de Pedras;31082;1505700;-48,87178556;-1,396599998
PA;15;5809;Portel;62043;1505809;-50,82249044;-1,936451
PA;15;5908;Porto de Moz;41135;1505908;-52,24247692;-1,746090089
PA;15;6005;Prainha;29866;1506005;-53,48181394;-1,8056945
PA;15;6104;Primavera;10825;1506104;-47,11725126;-0,940111516
PA;15;6112;Quatipuru;13608;1506112;-47,00678699;-0,900115854
PA;15;6138;Redenção;84787;1506138;-50,02964183;-8,0276045
PA;15;6161;Rio Maria;18193;1506161;-50,04641088;-7,311115245
PA;15;6187;Rondon do Pará;52357;1506187;-48,06997375;-4,777821727
PA;15;6195;Rurópolis;50510;1506195;-54,90586226;-4,09906539
PA;15;6203;Salinópolis;40675;1506203;-47,35312026;-0,623638
PA;15;6302;Salvaterra;23752;1506302;-48,5131866;-0,754525974
PA;15;6351;Santa Bárbara do Pará;21079;1506351;-48,29774065;-1,229439467
PA;15;6401;Santa Cruz do Arari;10128;1506401;-49,17161557;-0,659974126
PA;15;6500;Santa Izabel do Pará;70801;1506500;-48,16305994;-1,297395901
PA;15;6559;Santa Luzia do Pará;19848;1506559;-46,9061692;-1,518827891
PA;15;6583;Santa Maria das Barreiras;21449;1506583;-49,71935186;-8,87055054
PA;15;6609;Santa Maria do Pará;24861;1506609;-47,57469541;-1,347866459
PA;15;6708;Santana do Araguaia;72817;1506708;-50,34480432;-9,329424525
PA;15;6807;Santarém;304589;1506807;-54,71857017;-2,43621333
PA;15;6906;Santarém Novo;6709;1506906;-47,40092474;-0,928719536
PA;15;7003;Santo Antônio do Tauá;31482;1507003;-48,13243307;-1,1516925
PA;15;7102;São Caetano de Odivelas;18050;1507102;-48,0258055;-0,74661776
PA;15;7151;São Domingos do Araguaia;25557;1507151;-48,72037341;-5,549841
PA;15;7201;São Domingos do Capim;31989;1507201;-47,77478457;-1,6758145
PA;15;7300;São Félix do Xingu;128481;1507300;-51,99378252;-6,642483278
PA;15;7409;São Francisco do Pará;15882;1507409;-47,79051461;-1,170188785
PA;15;7458;São Geraldo do Araguaia;24847;1507458;-48,55571249;-6,39895797
PA;15;7466;São João da Ponta;6139;1507466;-47,92072417;-0,851002145
PA;15;7474;São João de Pirabas;23045;1507474;-47,1726743;-0,766442532
PA;15;7508;São João do Araguaia;13996;1507508;-48,7886334;-5,359002724
PA;15;7607;São Miguel do Guamá;58986;1507607;-47,48240894;-1,617135914
PA;15;7706;São Sebastião da Boa Vista;26640;1507706;-49,53231217;-1,7188505
PA;15;7755;Sapucaia;5930;1507755;-49,70358071;-6,942857113
PA;15;7805;Senador José Porfírio;11658;1507805;-51,95305642;-2,594850418
PA;15;7904;Soure;25374;1507904;-48,51601266;-0,7259255
PA;15;7953;Tailândia;106339;1507953;-48,95128163;-2,9370795
PA;15;7961;Terra Alta;11720;1507961;-47,90780835;-1,034826664
PA;15;7979;Terra Santa;18769;1507979;-56,49090477;-2,108114474
PA;15;8001;Tomé-Açu;63447;1508001;-48,14689659;-2,419366855
PA;15;8035;Tracuateua;30959;1508035;-46,89947834;-1,068784059
PA;15;8050;Trairão;18989;1508050;-55,99617003;-4,69981915
PA;15;8084;Tucumã;39602;1508084;-51,13953925;-6,749972007
PA;15;8100;Tucuruí;113659;1508100;-49,66718437;-3,766889084
PA;15;8126;Ulianópolis;59210;1508126;-47,50314475;-3,75719301
PA;15;8159;Uruará;45476;1508159;-53,73703105;-3,7065285
PA;15;8209;Vigia;53686;1508209;-48,14149859;-0,855532574
PA;15;8308;Viseu;61403;1508308;-46,13876522;-1,203278527
PA;15;8357;Vitória do Xingu;15134;1508357;-52,01126035;-2,88376571
PA;15;8407;Xinguara;44751;1508407;-49,94270058;-7,101512827
AP;16;55;Serra do Navio;5397;1600055;-52,00353844;0,897841041
AP;16;105;Amapá;9109;1600105;-50,79321447;2,053921245
AP;16;154;Pedra Branca do Amapari;16502;1600154;-51,94659427;0,776882861
AP;16;204;Calçoene;11117;1600204;-50,94477273;2,496559045
AP;16;212;Cutias;5983;1600212;-50,80162603;0,971078055
AP;16;238;Ferreira Gomes;7780;1600238;-51,18742905;0,853977393
AP;16;253;Itaubal;5503;1600253;-50,70017944;0,600653288
AP;16;279;Laranjal do Jari;50410;1600279;-52,53902074;-0,8556645
AP;16;303;Macapá;503327;1600303;-51,05740546;0,03895101
AP;16;402;Mazagão;21632;1600402;-51,28607686;-0,124396329
AP;16;501;Oiapoque;27270;1600501;-51,83055256;3,851130733
AP;16;535;Porto Grande;21971;1600535;-51,41444882;0,712554702
AP;16;550;Pracuúba;5120;1600550;-50,78425372;1,742508487
AP;16;600;Santana;121364;1600600;-51,17284647;-0,038373479
AP;16;709;Tartarugalzinho;17315;1600709;-50,91278615;1,50984824
AP;16;808;Vitória do Jari;15931;1600808;-52,41961478;-0,918977089
TO;17;251;Abreulândia;2579;1700251;-49,16243756;-9,621790712
TO;17;301;Aguiarnópolis;6733;1700301;-47,47045659;-6,547170821
TO;17;350;Aliança do Tocantins;5390;1700350;-48,94124002;-11,30374305
TO;17;400;Almas;7055;1700400;-47,17417168;-11,57452347
TO;17;707;Alvorada;8412;1700707;-49,12681141;-12,47881532
TO;17;1002;Ananás;9549;1701002;-48,07976461;-6,362818154
TO;17;1051;Angico;3433;1701051;-47,86207784;-6,38775275
TO;17;1101;Aparecida do Rio Negro;4795;1701101;-47,97667001;-9,955877715
TO;17;1309;Aragominas;5758;1701309;-48,52343019;-7,164349271
TO;17;1903;Araguacema;7086;1701903;-49,56181264;-8,801802544
TO;17;2000;Araguaçu;8517;1702000;-49,82861244;-12,92558371
TO;17;2109;Araguaína;180470;1702109;-48,20870525;-7,19132894
TO;17;2158;Araguanã;5729;1702158;-48,64374955;-6,58224942
TO;17;2208;Araguatins;35761;1702208;-48,12350734;-5,650586473
TO;17;2307;Arapoema;6643;1702307;-49,07563739;-7,652569735
TO;17;2406;Arraias;10567;1702406;-46,94610706;-12,93441986
TO;17;2554;Augustinópolis;18412;1702554;-47,88095679;-5,465414296
TO;17;2703;Aurora do Tocantins;3757;1702703;-46,40708298;-12,70848986
TO;17;2901;Axixá do Tocantins;9756;1702901;-47,77415603;-5,624309066
TO;17;3008;Babaçulândia;10664;1703008;-47,75881613;-7,201864532
TO;17;3057;Bandeirantes do Tocantins;3553;1703057;-48,5783806;-7,764859141
TO;17;3073;Barra do Ouro;4591;1703073;-47,68713497;-7,691766599
TO;17;3107;Barrolândia;5632;1703107;-48,73146059;-9,831653365
TO;17;3206;Bernardo Sayão;4459;1703206;-48,89905435;-7,868512483
TO;17;3305;Bom Jesus do Tocantins;4894;1501576;-48,59903996;-5,047362704
TO;17;3602;Brasilândia do Tocantins;2201;1703602;-48,48537442;-8,384889351
TO;17;3701;Brejinho de Nazaré;5497;1703701;-48,55866023;-11,01080506
TO;17;3800;Buriti do Tocantins;11348;1703800;-48,22325013;-5,313538856
TO;17;3826;Cachoeirinha;2275;1703826;-47,91419778;-6,113241647
TO;17;3842;Campos Lindos;10116;1703842;-46,80197435;-7,971681394
TO;17;3867;Cariri do Tocantins;4382;1703867;-49,17104073;-11,88899746
TO;17;3883;Carmolândia;2580;1703883;-48,39595993;-7,031478778
TO;17;3891;Carrasco Bonito;4095;1703891;-48,03063343;-5,322661355
TO;17;3909;Caseara;5369;1703909;-49,94869227;-9,267406219
TO;17;4105;Centenário;2905;1704105;-47,33839851;-8,958463639
TO;17;4600;Chapada de Areia;1406;1704600;-49,18310786;-10,14198858
TO;17;5102;Chapada da Natividade;3333;1705102;-47,75390489;-11,62426783
TO;17;5508;Colinas do Tocantins;35424;1705508;-48,48159454;-8,054624675
TO;17;5557;Combinado;4852;1705557;-46,55207234;-12,81860767
TO;17;5607;Conceição do Tocantins;4105;1705607;-47,29286881;-12,21727777
TO;17;6001;Couto Magalhães;5588;1706001;-49,17657157;-8,35511837
TO;17;6100;Cristalândia;7289;1706100;-49,18630029;-10,59072464
TO;17;6258;Crixás do Tocantins;1722;1706258;-48,91551383;-11,10427429
TO;17;6506;Darcinópolis;6097;1706506;-47,75216111;-6,712351001
TO;17;7009;Dianópolis;22139;1707009;-46,82040907;-11,62523188
TO;17;7108;Divinópolis do Tocantins;6900;1707108;-49,20541319;-9,79530114
TO;17;7207;Dois Irmãos do Tocantins;7198;1707207;-49,06733864;-9,26129671
TO;17;7306;Dueré;4686;1707306;-49,26587592;-11,34128542
TO;17;7405;Esperantina;10996;1707405;-48,5441476;-5,366608059
TO;17;7553;Fátima;3835;1707553;-48,89898266;-10,75250873
TO;17;7652;Figueirópolis;5263;1707652;-49,17384673;-12,13677998
TO;17;7702;Filadélfia;8856;1707702;-47,48496414;-7,337611906
TO;17;8205;Formoso do Araguaia;18440;1708205;-49,52686036;-11,80514197
TO;17;8254;Tabocão;2589;1708254;-48,51742642;-9,058965301
TO;17;8304;Goianorte;5123;1708304;-48,93689019;-8,770520805
TO;17;9005;Goiatins;13019;1709005;-47,31543549;-7,70917239
TO;17;9302;Guaraí;25923;1709302;-48,50864061;-8,836165658
TO;17;9500;Gurupi;86647;1709500;-49,07147747;-11,72977232
TO;17;9807;Ipueiras;2015;1709807;-48,45192623;-11,24628862
TO;17;10508;Itacajá;7433;1710508;-47,7681124;-8,390980552
TO;17;10706;Itaguatins;5864;1710706;-47,47993595;-5,775385088
TO;17;10904;Itapiratins;3777;1710904;-48,11119961;-8,384329593
TO;17;11100;Itaporã do Tocantins;2427;1711100;-48,6932637;-8,568828612
TO;17;11506;Jaú do Tocantins;3849;1711506;-48,59460829;-12,65292637
TO;17;11803;Juarina;2193;1711803;-49,09864319;-8,117423968
TO;17;11902;Lagoa da Confusão;13357;1711902;-49,62008534;-10,78869556
TO;17;11951;Lagoa do Tocantins;4316;1711951;-47,56144663;-10,2968867
TO;17;12009;Lajeado;3134;1712009;-48,35850395;-9,744682436
TO;17;12157;Lavandeira;1923;1712157;-46,50667572;-12,79165879
TO;17;12405;Lizarda;3740;1712405;-46,67516546;-9,594570288
TO;17;12454;Luzinópolis;3108;1712454;-47,85682804;-6,19398966
TO;17;12504;Marianópolis do Tocantins;5175;1712504;-49,65103399;-9,798880359
TO;17;12702;Mateiros;2684;1712702;-46,41246574;-10,54442885
TO;17;12801;Maurilândia do Tocantins;3426;1712801;-47,50487996;-5,952566421
TO;17;13205;Miracema do Tocantins;18248;1713205;-48,38799131;-9,568346078
TO;17;13304;Miranorte;13434;1713304;-48,59263194;-9,517404731
TO;17;13601;Monte do Carmo;7947;1713601;-48,11042003;-10,76354219
TO;17;13700;Monte Santo do Tocantins;2279;1713700;-48,9908906;-10,00559143
TO;17;13809;Palmeiras do Tocantins;6658;1713809;-47,55868353;-6,611862335
TO;17;13957;Muricilândia;3551;1713957;-48,60674528;-7,138519285
TO;17;14203;Natividade;9244;1714203;-47,72725753;-11,70535738
TO;17;14302;Nazaré;3898;1714302;-47,66697718;-6,372557969
TO;17;14880;Nova Olinda;11819;1714880;-48,42480679;-7,633314911
TO;17;15002;Nova Rosalândia;4260;1715002;-48,90618072;-10,56687114
TO;17;15101;Novo Acordo;4342;1715101;-47,66814839;-9,968486466
TO;17;15150;Novo Alegre;2332;1715150;-46,57729735;-12,90993867
TO;17;15259;Novo Jardim;2722;1715259;-46,6307873;-11,81587505
TO;17;15507;Oliveira de Fátima;1112;1715507;-48,90740157;-10,70836271
TO;17;15705;Palmeirante;6026;1715705;-47,93424971;-7,857561376
TO;17;15754;Palmeirópolis;7659;1715754;-48,41341396;-13,03988843
TO;17;16109;Paraíso do Tocantins;51252;1716109;-48,88663008;-10,17122075
TO;17;16208;Paranã;10449;1716208;-47,88408373;-12,62048149
TO;17;16307;Pau D'Arco;4849;1505551;-50,04827553;-7,836794404
TO;17;16505;Pedro Afonso;13578;1716505;-48,17755611;-8,964449592
TO;17;16604;Peixe;11749;1716604;-48,53781063;-12,02977383
TO;17;16653;Pequizeiro;5477;1716653;-48,93517987;-8,593340654
TO;17;16703;Colméia;8205;1716703;-48,75706659;-8,729371807
TO;17;17008;Pindorama do Tocantins;4447;1717008;-47,57568772;-11,13820258
TO;17;17206;Piraquê;3028;1717206;-48,29370739;-6,769777033
TO;17;17503;Pium;7654;1717503;-49,16665801;-10,44093112
TO;17;17800;Ponte Alta do Bom Jesus;4596;1717800;-46,46958679;-12,08781291
TO;17;17909;Ponte Alta do Tocantins;8039;1717909;-47,54118036;-10,74067285
TO;17;18006;Porto Alegre do Tocantins;3139;1718006;-47,0474256;-11,6072591
TO;17;18204;Porto Nacional;53010;1718204;-48,41215346;-10,70856992
TO;17;18303;Praia Norte;8432;1718303;-47,81473173;-5,396712877
TO;17;18402;Presidente Kennedy;3684;1718402;-48,50433067;-8,529960828
TO;17;18451;Pugmil;2688;1718451;-48,89422045;-10,42430716
TO;17;18501;Recursolândia;4293;1718501;-47,2380412;-8,735360454
TO;17;18550;Riachinho;4645;1718550;-48,1410455;-6,442211388
TO;17;18659;Rio da Conceição;2130;1718659;-46,8803997;-11,40494002
TO;17;18709;Rio dos Bois;2834;1718709;-48,53304797;-9,343742239
TO;17;18758;Rio Sono;6478;1718758;-47,89994164;-9,347789334
TO;17;18808;Sampaio;4711;1718808;-47,87579246;-5,349295616
TO;17;18840;Sandolândia;3375;1718840;-49,93338815;-12,54160017
TO;17;18865;Santa Fé do Araguaia;7512;1718865;-48,6939418;-7,149936385
TO;17;18881;Santa Maria do Tocantins;3434;1718881;-47,74527042;-8,774976449
TO;17;18899;Santa Rita do Tocantins;2365;1718899;-48,90929401;-10,86645537
TO;17;18907;Santa Rosa do Tocantins;4829;1718907;-48,11995422;-11,451404
TO;17;19004;Santa Tereza do Tocantins;2866;1719004;-47,80628832;-10,28236153
TO;17;20002;Santa Terezinha do Tocantins;2529;1720002;-47,68428536;-6,436997618
TO;17;20101;São Bento do Tocantins;5324;1720101;-47,91939229;-6,044999257
TO;17;20150;São Félix do Tocantins;1585;1720150;-46,65498083;-10,17328585
TO;17;20200;São Miguel do Tocantins;12139;1720200;-47,57300234;-5,553819529
TO;17;20259;São Salvador do Tocantins;3082;1720259;-48,23208499;-12,74743341
TO;17;20309;São Sebastião do Tocantins;4805;1720309;-48,20383415;-5,258961454
TO;17;20499;São Valério;3960;1720499;-48,23294843;-11,97306746
TO;17;20655;Silvanópolis;5403;1720655;-48,17982414;-11,14986131
TO;17;20804;Sítio Novo do Tocantins;9029;1720804;-47,63742265;-5,604726857
TO;17;20853;Sucupira;1966;1720853;-48,91112628;-11,98622151
TO;17;20903;Taguatinga;16683;1720903;-46,4387317;-12,39614174
TO;17;20937;Taipas do Tocantins;2148;1720937;-46,9845718;-12,19283721
TO;17;20978;Talismã;2793;1720978;-49,09111843;-12,78753841
TO;17;21000;Palmas;299127;1721000;-48,35104371;-10,16325333
TO;17;21109;Tocantínia;7545;1721109;-48,37587967;-9,558147734
TO;17;21208;Tocantinópolis;22870;1721208;-47,42741293;-6,325634376
TO;17;21257;Tupirama;1891;1721257;-48,2066848;-8,980569549
TO;17;21307;Tupiratins;2671;1721307;-48,12299574;-8,395529997
TO;17;22081;Wanderlândia;11683;1722081;-47,95626773;-6,850125517
TO;17;22107;Xambioá;11540;1722107;-48,53160107;-6,41188502
MA;21;55;Açailândia;112445;2100055;-47,50666459;-4,951377
MA;21;105;Afonso Cunha;6524;2100105;-43,320869;-4,135015477
MA;21;154;Água Doce do Maranhão;12571;2100154;-42,1155512;-2,840278279
MA;21;204;Alcântara;22097;2100204;-44,41701254;-2,403276525
MA;21;303;Aldeias Altas;26532;2100303;-43,46873485;-4,630779495
MA;21;402;Altamira do Maranhão;8128;2100402;-45,46467583;-4,162269267
MA;21;436;Alto Alegre do Maranhão;27053;2100436;-44,44824749;-4,207227
MA;21;477;Alto Alegre do Pindaré;31919;2100477;-45,84207962;-3,665170374
MA;21;501;Alto Parnaíba;11190;2100501;-45,92734401;-9,108365932
MA;21;550;Amapá do Maranhão;6962;2100550;-46,0091799;-1,680921495
MA;21;600;Amarante do Maranhão;41435;2100600;-46,75063755;-5,557662
MA;21;709;Anajatuba;26803;2100709;-44,62067003;-3,257554842
MA;21;808;Anapurus;15732;2100808;-43,10579251;-3,667034662
MA;21;832;Apicum-Açu;17239;2100832;-45,07665207;-1,530591578
MA;21;873;Araguanã;15426;1702158;-48,64374955;-6,58224942
MA;21;907;Araioses;46440;2100907;-41,89913945;-2,889255846
MA;21;956;Arame;32701;2100956;-46,01363628;-4,886081505
MA;21;1004;Arari;29848;2101004;-44,77883465;-3,45917097
MA;21;1103;Axixá;12130;2101103;-44,05458581;-2,837796837
MA;21;1202;Bacabal;104949;2101202;-44,78155596;-4,23152463
MA;21;1251;Bacabeira;17055;2101251;-44,31542299;-2,985824779
MA;21;1301;Bacuri;18582;2101301;-45,13734894;-1,724046318
MA;21;1350;Bacurituba;5644;2101350;-44,73574201;-2,710871977
MA;21;1400;Balsas;94887;2101400;-46,03899267;-7,53116999
MA;21;1509;Barão de Grajaú;18820;2101509;-43,0264527;-6,758955206
MA;21;1608;Barra do Corda;88212;2101608;-45,23901102;-5,5083395
MA;21;1707;Barreirinhas;62528;2101707;-42,82780251;-2,750085949
MA;21;1731;Belágua;7469;2101731;-43,51006164;-3,156772228
MA;21;1772;Bela Vista do Maranhão;11209;2101772;-45,24824588;-3,73773325
MA;21;1806;Benedito Leite;5632;2101806;-44,5598568;-7,218799795
MA;21;1905;Bequimão;21280;2101905;-44,78573016;-2,462062995
MA;21;1939;Bernardo do Mearim;6043;2101939;-44,7643231;-4,630287491
MA;21;1970;Boa Vista do Gurupi;9287;2101970;-46,29871005;-1,793296136
MA;21;2002;Bom Jardim;41630;2102002;-45,60188939;-3,544160978
MA;21;2036;Bom Jesus das Selvas;34028;2102036;-46,85324122;-4,489968353
MA;21;2077;Bom Lugar;16294;2102077;-45,03110786;-4,375509601
MA;21;2101;Brejo;36397;2102101;-42,75084783;-3,679178
MA;21;2150;Brejo de Areia;9188;2102150;-45,58209527;-4,330629897
MA;21;2200;Buriti;28678;2102200;-42,92510618;-3,9455715
MA;21;2309;Buriti Bravo;23884;2102309;-43,83562154;-5,835288132
MA;21;2325;Buriticupu;72358;2102325;-46,45149532;-4,325947726
MA;21;2358;Buritirana;15430;2102358;-47,01722509;-5,588915142
MA;21;2374;Cachoeira Grande;9431;2102374;-44,05968502;-2,931921039
MA;21;2408;Cajapió;11177;2102408;-44,67337716;-2,882882203
MA;21;2507;Cajari;19379;2102507;-45,00796533;-3,323868831
MA;21;2556;Campestre do Maranhão;14374;2102556;-47,36763286;-6,164716646
MA;21;2606;Cândido Mendes;20178;2102606;-45,73726837;-1,453889109
MA;21;2705;Cantanhede;21995;2102705;-44,38181614;-3,628364312
MA;21;2754;Capinzal do Norte;10934;2102754;-44,33043625;-4,721245389
MA;21;2804;Carolina;24322;2102804;-47,4700918;-7,330783005
MA;21;2903;Carutapera;23807;2102903;-46,02315083;-1,200602
MA;21;3000;Caxias;164880;2103000;-43,35853943;-4,86167499
MA;21;3109;Cedral;10675;2103109;-44,53078953;-1,997915926
MA;21;3125;Central do Maranhão;8673;2103125;-44,8318437;-2,191313908
MA;21;3158;Centro do Guilherme;13458;2103158;-46,03996011;-2,456985082
MA;21;3174;Centro Novo do Maranhão;21622;2103174;-46,12840895;-2,144291699
MA;21;3208;Chapadinha;79675;2103208;-43,36112078;-3,74002452
MA;21;3257;Cidelândia;14697;2103257;-47,78423278;-5,177421047
MA;21;3307;Codó;122859;2103307;-43,88608024;-4,4513375
MA;21;3406;Coelho Neto;49435;2103406;-43,01401362;-4,2547375
MA;21;3505;Colinas;41178;2103505;-44,24978023;-6,02736552
MA;21;3554;Conceição do Lago-Açu;16237;2103554;-44,90301591;-3,841118458
MA;21;3604;Coroatá;65296;2103604;-44,1255992;-4,128976
MA;21;3703;Cururupu;32695;2103703;-44,86776162;-1,825520781
MA;21;3752;Davinópolis;12908;2103752;-47,40499639;-5,534456216
MA;21;3802;Dom Pedro;23350;2103802;-44,44000991;-5,038447635
MA;21;3901;Duque Bacelar;11349;2103901;-42,9441802;-4,147819097
MA;21;4008;Esperantinópolis;17241;2104008;-44,8860687;-4,870300897
MA;21;4057;Estreito;41946;2104057;-47,44788299;-6,56808498
MA;21;4073;Feira Nova do Maranhão;8504;2104073;-46,68735522;-6,963135541
MA;21;4081;Fernando Falcão;10360;2104081;-44,9107074;-6,154978463
MA;21;4099;Formosa da Serra Negra;19089;2104099;-46,18635701;-6,435304106
MA;21;4107;Fortaleza dos Nogueiras;12631;2104107;-46,18555754;-6,965926087
MA;21;4206;Fortuna;15552;2104206;-44,16062843;-5,736224132
MA;21;4305;Godofredo Viana;11819;2104305;-45,77175481;-1,409800187
MA;21;4404;Gonçalves Dias;17934;2104404;-44,30590654;-5,143955569
MA;21;4503;Governador Archer;10840;2104503;-44,27575653;-5,025387824
MA;21;4552;Governador Edison Lobão;18296;2104552;-47,36893584;-5,747411739
MA;21;4602;Governador Eugênio Barros;16828;2104602;-44,24696265;-5,322491002
MA;21;4628;Governador Luiz Rocha;7807;2104628;-44,07088734;-5,472864685
MA;21;4651;Governador Newton Bello;10180;2104651;-45,6745018;-3,42970472
MA;21;4677;Governador Nunes Freire;25577;2104677;-45,88148113;-2,13496236
MA;21;4701;Graça Aranha;6262;2104701;-44,33579126;-5,404821213
MA;21;4800;Grajaú;69527;2104800;-46,14239564;-5,818548431
MA;21;4909;Guimarães;12030;2104909;-44,59774646;-2,135077158
MA;21;5005;Humberto de Campos;28717;2105005;-43,46509214;-2,591223972
MA;21;5104;Icatu;27113;2105104;-44,06584847;-2,774827863
MA;21;5153;Igarapé do Meio;14177;2105153;-45,1833277;-3,636708522
MA;21;5203;Igarapé Grande;11320;2105203;-44,86740335;-4,660853806
MA;21;5302;Imperatriz;258682;2105302;-47,47981081;-5,526524025
MA;21;5351;Itaipava do Grajaú;16057;2105351;-45,7926825;-5,144582262
MA;21;5401;Itapecuru Mirim;68203;2105401;-44,35426339;-3,39904548
MA;21;5427;Itinga do Maranhão;26000;2105427;-47,52790996;-4,455003998
MA;21;5450;Jatobá;10153;2105450;-44,21991477;-5,819666937
MA;21;5476;Jenipapo dos Vieiras;16515;2105476;-45,63337911;-5,369424926
MA;21;5500;João Lisboa;23632;2105500;-47,40503615;-5,453662942
MA;21;5609;Joselândia;16168;2105609;-44,69915256;-4,972693329
MA;21;5658;Junco do Maranhão;3432;2105658;-46,07072607;-1,874609598
MA;21;5708;Lago da Pedra;50266;2105708;-45,12589136;-4,564744515
MA;21;5807;Lago do Junco;10840;2105807;-45,05134439;-4,607643218
MA;21;5906;Lago Verde;16257;2105906;-44,93763523;-4,038711295
MA;21;5922;Lagoa do Mato;11250;2105922;-43,52755912;-6,045277297
MA;21;5948;Lago dos Rodrigues;8873;2105948;-44,97644233;-4,612375777
MA;21;5963;Lagoa Grande do Maranhão;11394;2105963;-45,39061428;-4,993123737
MA;21;5989;Lajeado Novo;7550;2105989;-47,03244752;-6,191609227
MA;21;6003;Lima Campos;11893;2106003;-44,46934033;-4,517045987
MA;21;6102;Loreto;12157;2106102;-45,13924164;-7,094454165
MA;21;6201;Luís Domingues;6951;2106201;-45,89533199;-1,325460244
MA;21;6300;Magalhães de Almeida;19826;2106300;-42,20150669;-3,396667674
MA;21;6326;Maracaçumé;21395;2106326;-45,95863904;-2,05616455
MA;21;6359;Marajá do Sena;7792;2106359;-45,45723765;-4,620313324
MA;21;6375;Maranhãozinho;16265;2106375;-45,85561145;-2,235616992
MA;21;6409;Mata Roma;16829;2106409;-43,12038942;-3,61904551
MA;21;6508;Matinha;23370;2106508;-45,03642894;-3,09840003
MA;21;6607;Matões;33782;2106607;-43,20120828;-5,522465019
MA;21;6631;Matões do Norte;16745;2106631;-44,55024451;-3,62751878
MA;21;6672;Milagres do Maranhão;8464;2106672;-42,61075283;-3,582206641
MA;21;6706;Mirador;21015;2106706;-44,36260979;-6,377565695
MA;21;6755;Miranda do Norte;28381;2106755;-44,58427569;-3,562644774
MA;21;6805;Mirinzal;14962;2106805;-44,78575599;-2,064224192
MA;21;6904;Monção;33434;2106904;-45,24758467;-3,49393248
MA;21;7001;Montes Altos;9160;2107001;-47,07043951;-5,828562504
MA;21;7100;Morros;19433;2107100;-44,04454454;-2,861478953
MA;21;7209;Nina Rodrigues;14454;2107209;-43,90448476;-3,462464289
MA;21;7258;Nova Colinas;5384;2107258;-46,25932522;-7,120566004
MA;21;7308;Nova Iorque;4683;2107308;-44,04862673;-6,733203306
MA;21;7357;Nova Olinda do Maranhão;20928;2107357;-45,70453604;-2,799886544
MA;21;7407;Olho d'Água das Cunhãs;19505;2107407;-45,11957962;-4,13727593
MA;21;7456;Olinda Nova do Maranhão;14701;2107456;-45,00323537;-2,997477615
MA;21;7506;Paço do Lumiar;122197;2107506;-44,09869235;-2,528063
MA;21;7605;Palmeirândia;19722;2107605;-44,90446389;-2,647774278
MA;21;7704;Paraibano;21386;2107704;-43,98576205;-6,431825414
MA;21;7803;Parnarama;34907;2107803;-43,09040135;-5,684467176
MA;21;7902;Passagem Franca;19019;2107902;-43,78174523;-6,173994426
MA;21;8009;Pastos Bons;19472;2108009;-44,08860251;-6,604027732
MA;21;8058;Paulino Neves;16035;2108058;-42,54542398;-2,71820599
MA;21;8108;Paulo Ramos;21040;2108108;-45,23998;-4,447956766
MA;21;8207;Pedreiras;39229;2108207;-44,60373488;-4,569350688
MA;21;8256;Pedro do Rosário;25144;2108256;-45,34645373;-2,968114673
MA;21;8306;Penalva;38470;2108306;-45,17646169;-3,293233318
MA;21;8405;Peri Mirim;14318;2108405;-44,8502907;-2,573054649
MA;21;8454;Peritoró;23196;2108454;-44,32585352;-4,370225118
MA;21;8504;Pindaré-Mirim;32941;2108504;-45,34686792;-3,605500575
MA;21;8603;Pinheiro;83387;2108603;-45,0839266;-2,5227405
MA;21;8702;Pio XII;21485;2108702;-45,16996039;-3,88758753
MA;21;8801;Pirapemas;18625;2108801;-44,22828088;-3,725329066
MA;21;8900;Poção de Pedras;17873;2108900;-44,9515514;-4,750025211
MA;21;9007;Porto Franco;23885;2109007;-47,3821649;-6,354181864
MA;21;9056;Porto Rico do Maranhão;5975;2109056;-44,58374789;-1,857223215
MA;21;9106;Presidente Dutra;47804;2109106;-44,49291886;-5,282374258
MA;21;9205;Presidente Juscelino;12734;2109205;-44,07677942;-2,928229246
MA;21;9239;Presidente Médici;7015;1100254;-61,90943868;-11,17320502
MA;21;9270;Presidente Sarney;18918;2109270;-45,37130226;-2,59553056
MA;21;9304;Presidente Vargas;11193;2109304;-44,03340187;-3,402011522
MA;21;9403;Primeira Cruz;15315;2109403;-43,4424433;-2,510583172
MA;21;9452;Raposa;30761;2109452;-44,10251616;-2,415074903
MA;21;9502;Riachão;20195;2109502;-46,62335014;-7,364565
MA;21;9551;Ribamar Fiquene;7791;2109551;-47,38347779;-5,933822859
MA;21;9601;Rosário;42740;2109601;-44,2475186;-2,941543035
MA;21;9700;Sambaíba;5671;2109700;-45,3442032;-7,138350897
MA;21;9759;Santa Filomena do Maranhão;7773;2109759;-44,56371404;-5,499766807
MA;21;9809;Santa Helena;42130;2109809;-45,30516119;-2,234532509
MA;21;9908;Santa Inês;89044;2109908;-45,37827245;-3,65857452
MA;21;10005;Santa Luzia;72667;2110005;-45,66501172;-3,968391465
MA;21;10039;Santa Luzia do Paruá;25254;2110039;-45,77646156;-2,546161475
MA;21;10104;Santa Quitéria do Maranhão;25642;2110104;-42,56287301;-3,498484995
MA;21;10203;Santa Rita;37855;2110203;-44,31994808;-3,134116766
MA;21;10237;Santana do Maranhão;13386;2110237;-42,40076776;-3,113068343
MA;21;10278;Santo Amaro do Maranhão;15846;2110278;-43,25528494;-2,502721199
MA;21;10302;Santo Antônio dos Lopes;14528;2110302;-44,36144743;-4,873819576
MA;21;10401;São Benedito do Rio Preto;18663;2110401;-43,52999187;-3,332766004
MA;21;10500;São Bento;45211;2110500;-44,82834518;-2,6970075
MA;21;10609;São Bernardo;28507;2110609;-42,42300966;-3,36543651
MA;21;10658;São Domingos do Azeitão;7392;2110658;-44,65042391;-6,80442501
MA;21;10708;São Domingos do Maranhão;34376;2110708;-44,39287926;-5,565642
MA;21;10807;São Félix de Balsas;4585;2110807;-44,81144766;-7,084685154
MA;21;10856;São Francisco do Brejão;11798;2110856;-47,3911374;-5,130200787
MA;21;10906;São Francisco do Maranhão;12210;2110906;-42,86532173;-6,252797917
MA;21;11003;São João Batista;20665;2111003;-44,81176185;-2,953332912
MA;21;11029;São João do Carú;15808;2111029;-46,25492548;-3,560803407
MA;21;11052;São João do Paraíso;11177;2111052;-47,05061042;-6,466222286
MA;21;11078;São João do Soter;18543;2111078;-43,8181818;-5,115739264
MA;21;11102;São João dos Patos;25929;2111102;-43,70291017;-6,498208152
MA;21;11201;São José de Ribamar;177687;2111201;-44,05754812;-2,55585852
MA;21;11250;São José dos Basílios;7641;2111250;-44,58244652;-5,048687245
MA;21;11300;São Luís;1101884;2111300;-44,29791856;-2,531885985
MA;21;11409;São Luís Gonzaga do Maranhão;18856;2111409;-44,6627085;-4,373918491
MA;21;11508;São Mateus do Maranhão;41529;2111508;-44,46856281;-4,03455051
MA;21;11532;São Pedro da Água Branca;12690;2111532;-48,42362359;-5,088910997
MA;21;11573;São Pedro dos Crentes;4668;2111573;-46,53258035;-6,828555641
MA;21;11607;São Raimundo das Mangabeiras;18868;2111607;-45,48483143;-7,026962657
MA;21;11631;São Raimundo do Doca Bezerra;5237;2111631;-45,08416279;-5,103181845
MA;21;11672;São Roberto;6719;2111672;-44,99190116;-5,017366882
MA;21;11706;São Vicente Ferrer;22247;2111706;-44,88690458;-2,890731064
MA;21;11722;Satubinha;13914;2111722;-45,23362958;-4,035735495
MA;21;11748;Senador Alexandre Costa;11141;2111748;-44,05630151;-5,261076544
MA;21;11763;Senador La Rocque;14293;2111763;-47,28919142;-5,441832495
MA;21;11789;Serrano do Maranhão;10253;2111789;-45,11464085;-1,852645542
MA;21;11805;Sítio Novo;18081;2111805;-46,69498334;-5,870629891
MA;21;11904;Sucupira do Norte;10636;2111904;-44,18860271;-6,478284448
MA;21;11953;Sucupira do Riachão;5660;2111953;-43,54585332;-6,420108405
MA;21;12001;Tasso Fragoso;8521;2112001;-45,74412352;-8,479831018
MA;21;12100;Timbiras;29124;2112100;-43,93843397;-4,253840505
MA;21;12209;Timon;169107;2112209;-42,8337279;-5,10068111
MA;21;12233;Trizidela do Vale;21998;2112233;-44,6106852;-4,570126857
MA;21;12274;Tufilândia;5840;2112274;-45,63391648;-3,676404118
MA;21;12308;Tuntum;41832;2112308;-44,64901215;-5,24965554
MA;21;12407;Turiaçu;35604;2112407;-45,36915242;-1,669022048
MA;21;12456;Turilândia;25619;2112456;-45,30676531;-2,228833525
MA;21;12506;Tutóia;58860;2112506;-42,27684721;-2,763550197
MA;21;12605;Urbano Santos;33122;2112605;-43,40424847;-3,2084095
MA;21;12704;Vargem Grande;56510;2112704;-43,91666449;-3,541896
MA;21;12803;Viana;52441;2112803;-45,0013067;-3,214562513
MA;21;12852;Vila Nova dos Martírios;13392;2112852;-48,13892648;-5,183511519
MA;21;12902;Vitória do Mearim;32764;2112902;-44,86957224;-3,482047365
MA;21;13009;Vitorino Freire;31523;2113009;-45,24418514;-4,2911865
MA;21;14007;Zé Doca;51714;2114007;-45,65769786;-3,2754805
PI;22;53;Acauã;7084;2200053;-41,08363782;-8,220786663
PI;22;103;Agricolândia;5139;2200103;-42,6591832;-5,795501935
PI;22;202;Água Branca;17411;2200202;-42,63513086;-5,893266338
PI;22;251;Alagoinha do Piauí;7651;2200251;-40,93463482;-7,00817528
PI;22;277;Alegrete do Piauí;4915;2200277;-40,85786299;-7,245349466
PI;22;301;Alto Longá;14304;2200301;-42,21032196;-5,250993011
PI;22;400;Altos;40524;2200400;-42,46094804;-5,036546434
PI;22;459;Alvorada do Gurguéia;5419;2200459;-43,86307158;-8,443959072
PI;22;509;Amarante;17598;2200509;-42,85369282;-6,246610772
PI;22;608;Angical do Piauí;6788;2200608;-42,74386575;-6,087241692
PI;22;707;Anísio de Abreu;9880;2200707;-43,03485333;-9,174918531
PI;22;806;Antônio Almeida;3164;2200806;-44,19653532;-7,219355834
PI;22;905;Aroazes;5835;2200905;-41,79745334;-6,112850256
PI;22;954;Aroeiras do Itaim;2551;2200954;-41,56320442;-7,278745465
PI;22;1002;Arraial;4727;2201002;-42,53656662;-6,650827027
PI;22;1051;Assunção do Piauí;7846;2201051;-41,05083;-5,864914495
PI;22;1101;Avelino Lopes;11289;2201101;-43,94151014;-10,13474501
PI;22;1150;Baixa Grande do Ribeiro;11586;2201150;-45,21281529;-7,853351959
PI;22;1176;Barra D'Alcântara;3951;2201176;-42,10500208;-6,518873072
PI;22;1200;Barras;47066;2201200;-42,29533986;-4,243093354
PI;22;1309;Barreiras do Piauí;3348;2201309;-45,47778771;-9,921246827
PI;22;1408;Barro Duro;7032;2201408;-42,51337782;-5,812359708
PI;22;1507;Batalha;26857;2201507;-42,07521873;-4,020412336
PI;22;1556;Bela Vista do Piauí;4015;2201556;-41,87137964;-7,97218532
PI;22;1572;Belém do Piauí;3566;2201572;-40,97030219;-7,370139616
PI;22;1606;Beneditinos;10467;2201606;-42,3706167;-5,44760286
PI;22;1705;Bertolínia;5501;2201705;-43,95438774;-7,628624763
PI;22;1739;Betânia do Piauí;6205;2201739;-40,79662193;-8,145665577
PI;22;1770;Boa Hora;6781;2201770;-42,12529574;-4,409009606
PI;22;1804;Bocaina;4500;2201804;-41,32234068;-6,954842333
PI;22;1903;Bom Jesus;25179;2201903;-44,36052508;-9,070948984
PI;22;1919;Bom Princípio do Piauí;5630;2201919;-41,64520957;-3,189858688
PI;22;1929;Bonfim do Piauí;5670;2201929;-42,87966307;-9,166560539
PI;22;1945;Boqueirão do Piauí;6407;2201945;-42,10362713;-4,485819632
PI;22;1960;Brasileira;8329;2201960;-41,78925964;-4,137829108
PI;22;1988;Brejo do Piauí;3875;2201988;-42,83030181;-8,207064766
PI;22;2000;Buriti dos Lopes;19781;2202000;-41,86990885;-3,172721335
PI;22;2026;Buriti dos Montes;8244;2202026;-41,10185139;-5,312066783
PI;22;2059;Cabeceiras do Piauí;10586;2202059;-42,30831607;-4,471331294
PI;22;2075;Cajazeiras do Piauí;3559;2202075;-42,39672729;-6,794184118
PI;22;2083;Cajueiro da Praia;7642;2202083;-41,34715036;-2,929227172
PI;22;2091;Caldeirão Grande do Piauí;5776;2202091;-40,63741891;-7,331559652
PI;22;2109;Campinas do Piauí;5613;2202109;-41,88074529;-7,654778128
PI;22;2117;Campo Alegre do Fidalgo;5045;2202117;-41,83201332;-8,374480381
PI;22;2133;Campo Grande do Piauí;5943;2202133;-41,03120096;-7,13599312
PI;22;2174;Campo Largo do Piauí;7279;2202174;-42,62604104;-3,807868939
PI;22;2208;Campo Maior;46833;2202208;-42,1667446;-4,829113927
PI;22;2251;Canavieira;3950;2202251;-43,71942803;-7,69462156
PI;22;2307;Canto do Buriti;21187;2202307;-42,94402102;-8,10823192
PI;22;2406;Capitão de Campos;11417;2202406;-41,94352197;-4,458559268
PI;22;2455;Capitão Gervásio Oliveira;4100;2202455;-41,81611631;-8,496837868
PI;22;2505;Caracol;10916;2202505;-43,33420045;-9,276765267
PI;22;2539;Caraúbas do Piauí;5868;2202539;-41,84120813;-3,478590538
PI;22;2554;Caridade do Piauí;5067;2202554;-40,99033455;-7,728652388
PI;22;2604;Castelo do Piauí;19716;2202604;-41,54731624;-5,321543871
PI;22;2653;Caxingó;5424;2202653;-41,88268376;-3,426938403
PI;22;2703;Cocal;27787;2202703;-41,55684483;-3,47045349
PI;22;2711;Cocal de Telha;4891;2202711;-41,97904787;-4,553815724
PI;22;2729;Cocal dos Alves;6153;2202729;-41,45541891;-3,606072591
PI;22;2737;Coivaras;4020;2202737;-42,20731591;-5,091308351
PI;22;2752;Colônia do Gurguéia;6484;2202752;-43,79601716;-8,187574216
PI;22;2778;Colônia do Piauí;7656;2202778;-42,17711851;-7,223657564
PI;22;2802;Conceição do Canindé;4803;2202802;-41,59663394;-7,882704154
PI;22;2851;Coronel José Dias;4682;2202851;-42,4703571;-8,816369411
PI;22;2901;Corrente;26644;2202901;-45,16331252;-10,44093604
PI;22;3008;Cristalândia do Piauí;8294;2203008;-45,1860307;-10,64780375
PI;22;3107;Cristino Castro;10423;2203107;-44,22441475;-8,820186289
PI;22;3206;Curimatá;11388;2203206;-44,30072223;-10,03129243
PI;22;3230;Currais;4954;2203230;-44,40300215;-9,012433839
PI;22;3255;Curralinhos;4443;2203255;-42,83221052;-5,620453229
PI;22;3271;Curral Novo do Piauí;5343;2203271;-40,90106947;-7,830797188
PI;22;3305;Demerval Lobão;13817;2203305;-42,67422861;-5,358465466
PI;22;3354;Dirceu Arcoverde;7011;2203354;-42,43956996;-9,335200044
PI;22;3404;Dom Expedito Lopes;6904;2203404;-41,65238521;-6,957901843
PI;22;3420;Domingos Mourão;4355;2203420;-41,27188145;-4,253433634
PI;22;3453;Dom Inocêncio;9556;2203453;-41,97685112;-9,008074943
PI;22;3503;Elesbão Veloso;14602;2203503;-42,13814445;-6,201719461
PI;22;3602;Eliseu Martins;4915;2203602;-43,66481113;-8,09646229
PI;22;3701;Esperantina;39737;1707405;-48,5441476;-5,366608059
PI;22;3750;Fartura do Piauí;5307;2203750;-42,7944014;-9,478606286
PI;22;3800;Flores do Piauí;4463;2203800;-42,9243058;-7,791775602
PI;22;3859;Floresta do Piauí;2558;2203859;-41,80031429;-7,466795375
PI;22;3909;Floriano;59935;2203909;-43,02064474;-6,769672434
PI;22;4006;Francinópolis;5348;2204006;-42,2633661;-6,395292623
PI;22;4105;Francisco Ayres;4348;2204105;-42,69112784;-6,623343532
PI;22;4154;Francisco Macedo;3184;2204154;-40,79556735;-7,327871041
PI;22;4204;Francisco Santos;9319;2204204;-41,13615734;-6,994171138
PI;22;4303;Fronteiras;11625;2204303;-40,61723293;-7,088412533
PI;22;4352;Geminiano;5442;2204352;-41,35757976;-7,158417626
PI;22;4402;Gilbués;10690;2204402;-45,34691998;-9,834569906
PI;22;4501;Guadalupe;10499;2204501;-43,56692365;-6,785246909
PI;22;4550;Guaribas;4562;2204550;-43,68772103;-9,395111304
PI;22;4600;Hugo Napoleão;3877;2204600;-42,56256305;-5,987787891
PI;22;4659;Ilha Grande;9426;2204659;-41,81977318;-2,854008607
PI;22;4709;Inhuma;15308;2204709;-41,71019406;-6,667120341
PI;22;4808;Ipiranga do Piauí;9811;2204808;-41,73991413;-6,826932678
PI;22;4907;Isaías Coelho;8549;2204907;-41,67944808;-7,734310697
PI;22;5003;Itainópolis;11530;2205003;-41,48002531;-7,451280813
PI;22;5102;Itaueira;11019;2205102;-43,02549651;-7,608116633
PI;22;5151;Jacobina do Piauí;5741;2205151;-41,21076205;-7,936264488
PI;22;5201;Jaicós;19104;2205201;-41,14647481;-7,353152327
PI;22;5250;Jardim do Mulato;4504;2205250;-42,63395956;-6,096577595
PI;22;5276;Jatobá do Piauí;4865;2205276;-41,81982222;-4,773158944
PI;22;5300;Jerumenha;4452;2205300;-43,50274301;-7,084632194
PI;22;5359;João Costa;3008;2205359;-42,41784858;-8,489125722
PI;22;5409;Joaquim Pires;14354;2205409;-42,1876898;-3,513103548
PI;22;5458;Joca Marques;5443;2205458;-42,42773708;-3,488033826
PI;22;5508;José de Freitas;39208;2205508;-42,57837453;-4,763050639
PI;22;5516;Juazeiro do Piauí;5478;2205516;-41,70260076;-5,161372754
PI;22;5524;Júlio Borges;5627;2205524;-44,24370063;-10,32678681
PI;22;5532;Jurema;4763;2205532;-43,13310974;-9,22202472
PI;22;5540;Lagoinha do Piauí;2845;2205540;-42,62738373;-5,836583441
PI;22;5557;Lagoa Alegre;8542;2205557;-42,61674254;-4,508729749
PI;22;5565;Lagoa do Barro do Piauí;4655;2205565;-41,53027541;-8,482437115
PI;22;5573;Lagoa de São Francisco;6758;2205573;-41,60546869;-4,392746387
PI;22;5581;Lagoa do Piauí;4064;2205581;-42,64901321;-5,41214417
PI;22;5599;Lagoa do Sítio;5177;2205599;-41,5823863;-6,51534763
PI;22;5607;Landri Sales;5295;2205607;-43,93104552;-7,266599975
PI;22;5706;Luís Correia;30311;2205706;-41,66456723;-2,881566536
PI;22;5805;Luzilândia;25486;2205805;-42,37163752;-3,460817635
PI;22;5854;Madeiro;8310;2205854;-42,50514125;-3,484212005
PI;22;5904;Manoel Emídio;5349;2205904;-43,87547467;-8,011358674
PI;22;5953;Marcolândia;8492;2205953;-40,66285429;-7,443556661
PI;22;6001;Marcos Parente;4549;2206001;-43,88831401;-7,119295377
PI;22;6050;Massapê do Piauí;6441;2206050;-41,12385468;-7,465482684
PI;22;6100;Matias Olímpio;10936;2206100;-42,5586289;-3,711027283
PI;22;6209;Miguel Alves;33760;2206209;-42,89316665;-4,168215582
PI;22;6308;Miguel Leão;1246;2206308;-42,73582953;-5,68224178
PI;22;6357;Milton Brandão;6613;2206357;-41,44795954;-4,699953478
PI;22;6407;Monsenhor Gil;10564;2206407;-42,61739892;-5,551485631
PI;22;6506;Monsenhor Hipólito;7749;2206506;-41,0328934;-7,003502473
PI;22;6605;Monte Alegre do Piauí;10613;2206605;-45,29574022;-9,755833668
PI;22;6654;Morro Cabeça no Tempo;4532;2206654;-43,90187437;-9,719319492
PI;22;6670;Morro do Chapéu do Piauí;6796;2206670;-42,30906339;-3,742255096
PI;22;6696;Murici dos Portelas;9159;2206696;-42,09676908;-3,323859785
PI;22;6704;Nazaré do Piauí;7339;2206704;-42,66822723;-6,967128491
PI;22;6720;Nazária;8570;2206720;-42,81404847;-5,346925
PI;22;6753;Nossa Senhora de Nazaré;4870;2206753;-42,17930308;-4,626932092
PI;22;6803;Nossa Senhora dos Remédios;8692;2206803;-42,62395105;-3,991225352
PI;22;6902;Novo Oriente do Piauí;6565;2206902;-41,92872231;-6,449405137
PI;22;6951;Novo Santo Antônio;2991;2206951;-41,9345075;-5,286057644
PI;22;7009;Oeiras;37029;2207009;-42,13140566;-7,016418006
PI;22;7108;Olho D'Água do Piauí;2459;2207108;-42,57855161;-5,847158573
PI;22;7207;Padre Marcos;6868;2207207;-40,90586208;-7,354712116
PI;22;7306;Paes Landim;4129;2207306;-42,25695763;-7,775562915
PI;22;7355;Pajeú do Piauí;3389;2207355;-42,81693609;-7,852520092
PI;22;7405;Palmeira do Piauí;5043;2207405;-44,23256858;-8,729501119
PI;22;7504;Palmeirais;14539;2207504;-43,06184352;-5,979796836
PI;22;7553;Paquetá;3945;2207553;-41,70138525;-7,101466244
PI;22;7603;Parnaguá;10791;2207603;-44,63431461;-10,21718097
PI;22;7702;Parnaíba;153078;2207702;-41,77817059;-2,903360145
PI;22;7751;Passagem Franca do Piauí;4313;2207751;-42,44052675;-5,85624732
PI;22;7777;Patos do Piauí;6392;2207777;-41,2522814;-7,680763935
PI;22;7793;Pau D'Arco do Piauí;4045;2207793;-42,3888655;-5,251093429
PI;22;7801;Paulistana;20523;2207801;-41,14709649;-8,141436135
PI;22;7850;Pavussu;3677;2207850;-43,2217523;-7,964286955
PI;22;7900;Pedro II;38742;2207900;-41,45855993;-4,427055265
PI;22;7934;Pedro Laurentino;2536;2207934;-42,28607367;-8,066882594
PI;22;7959;Nova Santa Rita;4374;2207959;-42,048262;-8,074964718
PI;22;8007;Picos;78222;2208007;-41,46882671;-7,081373912
PI;22;8106;Pimenteiras;12127;2208106;-41,41515861;-6,24168841
PI;22;8205;Pio IX;18425;2208205;-40,61827279;-6,832687301
PI;22;8304;Piracuruca;28791;2208304;-41,70904155;-3,929287494
PI;22;8403;Piripiri;63742;2208403;-41,77850485;-4,276068693
PI;22;8502;Porto;12568;2208502;-42,710926;-3,891422995
PI;22;8551;Porto Alegre do Piauí;2710;2208551;-44,1948371;-6,971724687
PI;22;8601;Prata do Piauí;3151;2208601;-42,20422368;-5,664797694
PI;22;8650;Queimada Nova;8992;2208650;-41,41702492;-8,585425347
PI;22;8700;Redenção do Gurguéia;8778;2208700;-44,58121416;-9,493448241
PI;22;8809;Regeneração;17978;2208809;-42,68502423;-6,240183021
PI;22;8858;Riacho Frio;4312;2208858;-44,95253005;-10,12872769
PI;22;8874;Ribeira do Piauí;4477;2208874;-42,71404349;-7,690575501
PI;22;8908;Ribeiro Gonçalves;7341;2208908;-45,24563868;-7,558034245
PI;22;9005;Rio Grande do Piauí;6432;2209005;-43,14018279;-7,77085712
PI;22;9104;Santa Cruz do Piauí;6240;2209104;-41,76192569;-7,177626496
PI;22;9153;Santa Cruz dos Milagres;4019;2209153;-41,95844595;-5,808120998
PI;22;9203;Santa Filomena;6253;2209203;-45,92055644;-9,106795705
PI;22;9302;Santa Luz;5860;2209302;-44,12958591;-8,944624217
PI;22;9351;Santana do Piauí;4634;2209351;-41,51848056;-6,949071764
PI;22;9377;Santa Rosa do Piauí;5257;2209377;-42,28081388;-6,801455058
PI;22;9401;Santo Antônio de Lisboa;6415;2209401;-41,23376474;-6,981848477
PI;22;9450;Santo Antônio dos Milagres;2161;2209450;-42,71119681;-6,046717596
PI;22;9500;Santo Inácio do Piauí;3798;2209500;-41,91821286;-7,422336837
PI;22;9559;São Braz do Piauí;4448;2209559;-42,99907252;-9,062560536
PI;22;9609;São Félix do Piauí;2942;2209609;-42,11350259;-5,932867663
PI;22;9658;São Francisco de Assis do Piauí;5755;2209658;-41,68959715;-8,23775475
PI;22;9708;São Francisco do Piauí;6423;2209708;-42,53853199;-7,243976104
PI;22;9757;São Gonçalo do Gurguéia;3041;2209757;-45,30140551;-10,02994011
PI;22;9807;São Gonçalo do Piauí;5015;2209807;-42,69883098;-5,98966744
PI;22;9856;São João da Canabrava;4608;2209856;-41,34605365;-6,81893099
PI;22;9872;São João da Fronteira;6042;2209872;-41,25628696;-3,938597434
PI;22;9906;São João da Serra;6139;2209906;-41,89926375;-5,508797538
PI;22;9955;São João da Varjota;4840;2209955;-41,8637422;-6,919017839
PI;22;9971;São João do Arraial;7989;2209971;-42,45312617;-3,813168874
PI;22;10003;São João do Piauí;20601;2210003;-42,25643753;-8,348849688
PI;22;10052;São José do Divino;5346;2210052;-41,83010877;-3,805716356
PI;22;10102;São José do Peixe;3745;2210102;-42,57017942;-7,493008781
PI;22;10201;São José do Piauí;6705;2210201;-41,47940723;-6,870626245
PI;22;10300;São Julião;6363;2210300;-40,83691324;-7,085315005
PI;22;10359;São Lourenço do Piauí;4573;2210359;-42,54435199;-9,172001877
PI;22;10375;São Luis do Piauí;2644;2210375;-41,32283782;-6,82814383
PI;22;10383;São Miguel da Baixa Grande;2452;2210383;-42,18537737;-5,862298634
PI;22;10391;São Miguel do Fidalgo;3039;2210391;-42,37052904;-7,584969119
PI;22;10409;São Miguel do Tapuio;17662;2210409;-41,31979849;-5,500663699
PI;22;10508;São Pedro do Piauí;14291;2210508;-42,72366017;-5,913951647
PI;22;10607;São Raimundo Nonato;34710;2210607;-42,69228516;-9,015360482
PI;22;10623;Sebastião Barros;3469;2210623;-44,83328418;-10,81667522
PI;22;10631;Sebastião Leal;4294;2210631;-44,06769177;-7,57738563
PI;22;10656;Sigefredo Pacheco;10041;2210656;-41,72755922;-4,911689164
PI;22;10706;Simões;14633;2210706;-40,81750907;-7,599137166
PI;22;10805;Simplício Mendes;12711;2210805;-41,91091036;-7,857957294
PI;22;10904;Socorro do Piauí;4569;2210904;-42,50469172;-7,864938057
PI;22;10938;Sussuapara;6730;2210938;-41,39226773;-7,017010589
PI;22;10953;Tamboril do Piauí;2919;2210953;-42,90968883;-8,40043178
PI;22;10979;Tanque do Piauí;2765;2210979;-42,28390134;-6,596353467
PI;22;11001;Teresina;864845;2211001;-42,80527046;-5,086341952
PI;22;11100;União;44485;2211100;-42,86292972;-4,586018159
PI;22;11209;Uruçuí;21558;2211209;-44,56025592;-7,229503345
PI;22;11308;Valença do Piauí;20918;2211308;-41,74053599;-6,398196023
PI;22;11357;Várzea Branca;4947;2211357;-42,96944454;-9,236541089
PI;22;11407;Várzea Grande;4391;2211407;-42,25310162;-6,542947554
PI;22;11506;Vera Mendes;3077;2211506;-41,47973675;-7,602849283
PI;22;11605;Vila Nova do Piauí;2971;2211605;-40,9378014;-7,141046434
PI;22;11704;Wall Ferraz;4462;2211704;-41,90895362;-7,235779006
CE;23;101;Abaiara;11737;2300101;-39,04754664;-7,356976596
CE;23;150;Acarape;14929;2300150;-38,70562377;-4,223138409
CE;23;200;Acaraú;62641;2300200;-40,11824147;-2,88531054
CE;23;309;Acopiara;54270;2300309;-39,45570528;-6,092761995
CE;23;408;Aiuaba;17399;2300408;-40,12316008;-6,56329844
CE;23;507;Alcântaras;11714;2300507;-40,54463812;-3,586983769
CE;23;606;Altaneira;7586;2300606;-39,74582064;-6,997498351
CE;23;705;Alto Santo;17146;2300705;-38,27277815;-5,52208174
CE;23;754;Amontada;43452;2300754;-39,82882279;-3,364877803
CE;23;804;Antonina do Norte;7353;2300804;-39,98238684;-6,779687847
CE;23;903;Apuiarés;14600;2300903;-39,43042278;-3,948018519
CE;23;1000;Aquiraz;80271;2301000;-38,38980296;-3,9061945
CE;23;1109;Aracati;74547;2301109;-37,7727526;-4,56706647
CE;23;1208;Aracoiaba;26469;2301208;-38,80944097;-4,370393807
CE;23;1257;Ararendá;10935;2301257;-40,83109673;-4,751938272
CE;23;1307;Araripe;21600;2301307;-40,13744581;-7,206183789
CE;23;1406;Aratuba;11847;2301406;-39,04755456;-4,416930645
CE;23;1505;Arneiroz;7840;2301505;-40,16144371;-6,319425803
CE;23;1604;Assaré;23417;2301604;-39,87127475;-6,872607112
CE;23;1703;Aurora;24654;2301703;-38,97699088;-6,940391832
CE;23;1802;Baixio;6288;2301802;-38,72012592;-6,727162049
CE;23;1851;Banabuiú;18197;2301851;-38,9257848;-5,315047304
CE;23;1901;Barbalha;60781;2301901;-39,30231637;-7,307172127
CE;23;1950;Barreira;22425;2301950;-38,63850183;-4,288762267
CE;23;2008;Barro;22680;2302008;-38,77988065;-7,168208727
CE;23;2057;Barroquinha;15017;2302057;-41,13948154;-3,009116746
CE;23;2107;Baturité;35750;2302107;-38,88002138;-4,331205156
CE;23;2206;Beberibe;53573;2302206;-38,12327304;-4,174763221
CE;23;2305;Bela Cruz;32591;2302305;-40,16684291;-3,055106724
CE;23;2404;Boa Viagem;54470;2302404;-39,73328234;-5,12574387
CE;23;2503;Brejo Santo;49477;2302503;-38,98551387;-7,491638009
CE;23;2602;Camocim;63661;2302602;-40,84752774;-2,900966575
CE;23;2701;Campos Sales;27426;2302701;-40,37900313;-7,0733835
CE;23;2800;Canindé;76997;2302800;-39,31034295;-4,35534429
CE;23;2909;Capistrano;17738;2302909;-38,90182876;-4,459896612
CE;23;3006;Caridade;22547;2303006;-39,19303291;-4,224960001
CE;23;3105;Cariré;18448;2303105;-40,47384481;-3,95161188
CE;23;3204;Caririaçu;26965;2303204;-39,28437203;-7,041528
CE;23;3303;Cariús;18699;2303303;-39,49768868;-6,531127938
CE;23;3402;Carnaubal;17606;2303402;-40,93563158;-4,163988562
CE;23;3501;Cascavel;71743;2303501;-38,23968594;-4,131433678
CE;23;3600;Catarina;20698;2303600;-39,87946623;-6,127556291
CE;23;3659;Catunda;10342;2303659;-40,20580379;-4,651549386
CE;23;3709;Caucaia;361400;2303709;-38,66401754;-3,736487
CE;23;3808;Cedro;25557;2303808;-39,05974315;-6,6049605
CE;23;3907;Chaval;13069;2303907;-41,24459582;-3,038901189
CE;23;3931;Choró;13521;2303931;-39,13746753;-4,842515659
CE;23;3956;Chorozinho;20264;2303956;-38,50128567;-4,302170914
CE;23;4004;Coreaú;23136;2304004;-40,65695108;-3,549487861
CE;23;4103;Crateús;75074;2304103;-40,66840013;-5,176950551
CE;23;4202;Crato;132123;2304202;-39,4083903;-7,23175279
CE;23;4236;Croatá;18063;2304236;-40,9090451;-4,414057266
CE;23;4251;Cruz;24827;2304251;-40,17127871;-2,91670805
CE;23;4269;Deputado Irapuan Pinheiro;9625;2304269;-39,26154177;-5,908962374
CE;23;4277;Ererê;7198;2304277;-38,34725896;-6,03133273
CE;23;4285;Eusébio;53618;2304285;-38,44512184;-3,886972887
CE;23;4301;Farias Brito;19450;2304301;-39,57083502;-6,927109981
CE;23;4350;Forquilha;24218;2304350;-40,258769;-3,798957743
CE;23;4400;Fortaleza;2669342;2304400;-38,58992756;-3,723805035
CE;23;4459;Fortim;16480;2304459;-37,79897549;-4,449804917
CE;23;4509;Frecheirinha;14072;2304509;-40,8214052;-3,760611931
CE;23;4608;General Sampaio;7618;2304608;-39,45352995;-4,051041275
CE;23;4657;Graça;14399;2304657;-40,7555249;-4,046938794
CE;23;4707;Granja;54748;2304707;-40,82993899;-3,118952156
CE;23;4806;Granjeiro;4844;2304806;-39,22030889;-6,888884373
CE;23;4905;Groaíras;11068;2304905;-40,38214602;-3,911954129
CE;23;4954;Guaiúba;26064;2304954;-38,63443478;-4,040243501
CE;23;5001;Guaraciaba do Norte;40642;2305001;-40,75263318;-4,162451067
CE;23;5100;Guaramiranga;5193;2305100;-38,94063329;-4,262050919
CE;23;5209;Hidrolândia;19978;2305209;-40,40181712;-4,407999444
CE;23;5233;Horizonte;67337;2305233;-38,49423956;-4,093278
CE;23;5266;Ibaretama;13353;2305266;-38,82167831;-4,818651578
CE;23;5308;Ibiapina;24997;2305308;-40,89392902;-3,936131262
CE;23;5332;Ibicuitinga;12525;2305332;-38,64086305;-4,969166423
CE;23;5357;Icapuí;19934;2305357;-37,3535631;-4,715549488
CE;23;5407;Icó;68018;2305407;-38,86308518;-6,403031252
CE;23;5506;Iguatu;102498;2305506;-39,29990568;-6,36055472
CE;23;5605;Independência;26178;2305605;-40,30934826;-5,3980281
CE;23;5654;Ipaporanga;11593;2305654;-40,75796634;-4,900629786
CE;23;5704;Ipaumirim;12463;2305704;-38,71590374;-6,78836126
CE;23;5803;Ipu;41964;2305803;-40,71872614;-4,313431685
CE;23;5902;Ipueiras;38166;1709807;-48,45192623;-11,24628862
CE;23;6009;Iracema;14297;1400282;-61,05225859;2,168214765
CE;23;6108;Irauçuba;24156;2306108;-39,79223812;-3,745418802
CE;23;6207;Itaiçaba;7827;2306207;-37,82162951;-4,683404712
CE;23;6256;Itaitinga;37980;2306256;-38,52640515;-3,970459016
CE;23;6306;Itapajé;52675;2306306;-39,58353324;-3,68567311
CE;23;6405;Itapipoca;129358;2306405;-39,58348158;-3,4994355
CE;23;6504;Itapiúna;20382;2306504;-38,92067396;-4,554740175
CE;23;6553;Itarema;41826;2306553;-39,91567775;-2,923348
CE;23;6603;Itatira;21647;2306603;-39,61790402;-4,528922562
CE;23;6702;Jaguaretama;18162;2306702;-38,7625263;-5,610889563
CE;23;6801;Jaguaribara;11401;2306801;-38,4630973;-5,457502034
CE;23;6900;Jaguaribe;34682;2306900;-38,62300505;-5,886459045
CE;23;7007;Jaguaruana;33705;2307007;-37,78239148;-4,839555168
CE;23;7106;Jardim;27174;2307106;-39,28416446;-7,585536466
CE;23;7205;Jati;8111;2307205;-39,00513876;-7,692741595
CE;23;7254;Jijoca de Jericoacoara;19816;2307254;-40,4387354;-2,899682709
CE;23;7304;Juazeiro do Norte;274207;2307304;-39,31699336;-7,210766
CE;23;7403;Jucás;24833;2307403;-39,52677624;-6,522549273
CE;23;7502;Lavras da Mangabeira;31508;2307502;-38,96727505;-6,754747977
CE;23;7601;Limoeiro do Norte;59540;2307601;-38,09909487;-5,15023902
CE;23;7635;Madalena;19691;2307635;-39,57578868;-4,852434177
CE;23;7650;Maracanaú;227886;2307650;-38,62441865;-3,876964451
CE;23;7700;Maranguape;128978;2307700;-38,68585125;-3,89186946
CE;23;7809;Marco;27361;2307809;-40,15164364;-3,120707025
CE;23;7908;Martinópole;11233;2307908;-40,69935518;-3,225012227
CE;23;8005;Massapê;38737;2308005;-40,34213486;-3,523870584
CE;23;8104;Mauriti;47962;2308104;-38,77279544;-7,387398
CE;23;8203;Meruoca;15057;2308203;-40,45088096;-3,539006662
CE;23;8302;Milagres;27512;2308302;-38,94315677;-7,310427797
CE;23;8351;Milhã;13155;2308351;-39,20357418;-5,679564101
CE;23;8377;Miraíma;13818;2308377;-39,97006488;-3,568599907
CE;23;8401;Missão Velha;35393;2308401;-39,14519771;-7,243231514
CE;23;8500;Mombaça;43797;2308500;-39,62440525;-5,74700454
CE;23;8609;Monsenhor Tabosa;17234;2308609;-40,07006746;-4,783091291
CE;23;8708;Morada Nova;61890;2308708;-38,36490735;-5,096952
CE;23;8807;Moraújo;8724;2308807;-40,68359893;-3,466363274
CE;23;8906;Morrinhos;22534;2308906;-40,12417889;-3,228830534
CE;23;9003;Mucambo;14537;2309003;-40,74528047;-3,90602998
CE;23;9102;Mulungu;10823;2309102;-38,99306592;-4,29952832
CE;23;9201;Nova Olinda;15565;1714880;-48,42480679;-7,633314911
CE;23;9300;Nova Russas;32328;2309300;-40,56530335;-4,70680835
CE;23;9409;Novo Oriente;28607;2309409;-40,77476727;-5,533864836
CE;23;9458;Ocara;25703;2309458;-38,59853798;-4,485066545
CE;23;9508;Orós;21427;2309508;-38,91359598;-6,242798784
CE;23;9607;Pacajus;72203;2309607;-38,46702226;-4,17054051
CE;23;9706;Pacatuba;83432;2309706;-38,61829931;-3,986120022
CE;23;9805;Pacoti;12261;2309805;-38,92588894;-4,224765433
CE;23;9904;Pacujá;6533;2309904;-40,69673611;-3,978394386
CE;23;10001;Palhano;9386;2310001;-37,96623516;-4,743945077
CE;23;10100;Palmácia;13322;2310100;-38,84502907;-4,148981775
CE;23;10209;Paracuru;35076;2310209;-39,02954534;-3,411635009
CE;23;10258;Paraipaba;32744;2310258;-39,14811553;-3,436196728
CE;23;10308;Parambu;31521;2310308;-40,69420724;-6,210336002
CE;23;10407;Paramoti;12226;2310407;-39,2394665;-4,097432332
CE;23;10506;Pedra Branca;43258;2310506;-39,71393764;-5,4546855
CE;23;10605;Penaforte;9077;2310605;-39,07412752;-7,829914612
CE;23;10704;Pentecoste;37751;2310704;-39,26700873;-3,796266736
CE;23;10803;Pereiro;16307;2310803;-38,45913604;-6,045076902
CE;23;10852;Pindoretama;20567;2310852;-38,30008798;-4,027803993
CE;23;10902;Piquet Carneiro;16959;2310902;-39,41940626;-5,80856956
CE;23;10951;Pires Ferreira;10951;2310951;-40,64654125;-4,242154143
CE;23;11009;Poranga;12336;2311009;-40,92637951;-4,743950732
CE;23;11108;Porteiras;14996;2311108;-39,11533146;-7,535746442
CE;23;11207;Potengi;11045;2311207;-40,03213254;-7,09017947
CE;23;11231;Potiretama;6419;2311231;-38,15791785;-5,721667904
CE;23;11264;Quiterianópolis;21084;2311264;-40,70448885;-5,847009229
CE;23;11306;Quixadá;87728;2311306;-39,01174468;-4,9637
CE;23;11355;Quixelô;16178;2311355;-39,20229437;-6,2512119
CE;23;11405;Quixeramobim;81082;2311405;-39,29435423;-5,198404837
CE;23;11504;Quixeré;22149;2311504;-37,99052223;-5,068728954
CE;23;11603;Redenção;29053;1506138;-50,02964183;-8,0276045
CE;23;11702;Reriutaba;18491;2311702;-40,584612;-4,141567601
CE;23;11801;Russas;78194;2311801;-37,9754313;-4,939737815
CE;23;11900;Saboeiro;15819;2311900;-39,9045807;-6,536433352
CE;23;11959;Salitre;16554;2311959;-40,46475206;-7,284528685
CE;23;12007;Santana do Acaraú;32452;2312007;-40,20946286;-3,459775342
CE;23;12106;Santana do Cariri;17700;2312106;-39,73797978;-7,180897783
CE;23;12205;Santa Quitéria;43703;2312205;-40,15350781;-4,3332705
CE;23;12304;São Benedito;47903;2312304;-40,86448988;-4,04472699
CE;23;12403;São Gonçalo do Amarante;48422;2312403;-38,97207587;-3,6056325
CE;23;12502;São João do Jaguaribe;7645;2312502;-38,2719407;-5,26863055
CE;23;12601;São Luís do Curu;13000;2312601;-39,24160618;-3,673009253
CE;23;12700;Senador Pompeu;25496;2312700;-39,37532533;-5,589343752
CE;23;12809;Senador Sá;7623;2312809;-40,463792;-3,351789628
CE;23;12908;Sobral;208935;2312908;-40,34866803;-3,688037684
CE;23;13005;Solonópole;18324;2313005;-39,00822491;-5,726351291
CE;23;13104;Tabuleiro do Norte;30697;2313104;-38,12973713;-5,24380387
CE;23;13203;Tamboril;26251;2313203;-40,31906851;-4,833928583
CE;23;13252;Tarrafas;8592;2313252;-39,75849419;-6,682590315
CE;23;13302;Tauá;58859;2313302;-40,29262466;-6,00299894
CE;23;13351;Tejuçuoca;19187;2313351;-39,57682636;-3,989711809
CE;23;13401;Tianguá;75946;2313401;-40,99170562;-3,722674
CE;23;13500;Trairi;55918;2313500;-39,27223187;-3,264420169
CE;23;13559;Tururu;16271;2313559;-39,43436354;-3,595595235
CE;23;13609;Ubajara;34792;2313609;-40,90714393;-3,848491435
CE;23;13708;Umari;7733;2313708;-38,70132572;-6,647244375
CE;23;13757;Umirim;19825;2313757;-39,3423844;-3,675561898
CE;23;13807;Uruburetama;21850;2313807;-39,50817807;-3,623016834
CE;23;13906;Uruoca;13840;2313906;-40,56116303;-3,31323066
CE;23;13955;Varjota;18420;2313955;-40,47899327;-4,182822283
CE;23;14003;Várzea Alegre;40721;2314003;-39,298933;-6,791845856
CE;23;14102;Viçosa do Ceará;60889;2314102;-41,09162908;-3,566012753
RN;24;109;Acari;11136;2400109;-36,64373887;-6,442085089
RN;24;208;Açu;58017;2400208;-36,91792322;-5,571945999
RN;24;307;Afonso Bezerra;11035;2400307;-36,50914823;-5,498734268
RN;24;406;Água Nova;3252;2400406;-38,29082495;-6,204716719
RN;24;505;Alexandria;13577;2400505;-38,01928889;-6,417136338
RN;24;604;Almino Afonso;4735;2400604;-37,7631253;-6,157420693
RN;24;703;Alto do Rodrigues;14529;2400703;-36,75949261;-5,293807788
RN;24;802;Angicos;11714;2400802;-36,60543287;-5,660365329
RN;24;901;Antônio Martins;7145;2400901;-37,88573457;-6,216004455
RN;24;1008;Apodi;35845;2401008;-37,79778448;-5,663769819
RN;24;1107;Areia Branca;27774;2401107;-37,13127172;-4,952897631
RN;24;1206;Arês;14306;2401206;-35,1606361;-6,193712274
RN;24;1305;Campo Grande;9655;2701506;-36,79084005;-9,956922603
RN;24;1404;Baía Formosa;9271;2401404;-35,00903618;-6,369992304
RN;24;1453;Baraúna;28374;2401453;-37,6181802;-5,076618105
RN;24;1503;Barcelona;3998;2401503;-35,92679453;-5,948131848
RN;24;1602;Bento Fernandes;5497;2401602;-35,82169889;-5,692383318
RN;24;1651;Bodó;2223;2401651;-36,4138377;-5,98804525
RN;24;1701;Bom Jesus;10210;2201903;-44,36052508;-9,070948984
RN;24;1800;Brejinho;12699;2401800;-35,35735405;-6,192579059
RN;24;1859;Caiçara do Norte;6549;2401859;-36,05585715;-5,062994409
RN;24;1909;Caiçara do Rio do Vento;3684;2401909;-35,99979041;-5,759087143
RN;24;2006;Caicó;67952;2402006;-37,09648877;-6,459138831
RN;24;2105;Campo Redondo;11217;2402105;-36,18250457;-6,243383053
RN;24;2204;Canguaretama;34276;2402204;-35,12853966;-6,374925216
RN;24;2303;Caraúbas;20493;2402303;-37,5537022;-5,791176103
RN;24;2402;Carnaúba dos Dantas;8180;2402402;-36,59525192;-6,560732517
RN;24;2501;Carnaubais;10759;2402501;-36,83464236;-5,339785394
RN;24;2600;Ceará-Mirim;73497;2402600;-35,42448693;-5,640983592
RN;24;2709;Cerro Corá;11179;2402709;-36,34574144;-6,034827193
RN;24;2808;Coronel Ezequiel;5506;2402808;-36,21477104;-6,38340239
RN;24;2907;Coronel João Pessoa;4912;2402907;-38,44025816;-6,260112211
RN;24;3004;Cruzeta;7998;2403004;-36,79170532;-6,413176407
RN;24;3103;Currais Novos;44786;2403103;-36,51621922;-6,264672219
RN;24;3202;Doutor Severiano;7076;2403202;-38,37368308;-6,093687371
RN;24;3251;Parnamirim;261469;2403251;-35,25920907;-5,910369758
RN;24;3301;Encanto;5638;2403301;-38,30487899;-6,111134201
RN;24;3400;Equador;6045;2403400;-36,71641243;-6,945842749
RN;24;3509;Espírito Santo;10505;2403509;-35,31709079;-6,335571703
RN;24;3608;Extremoz;28583;2403608;-35,31402543;-5,702709936
RN;24;3707;Felipe Guerra;5985;2403707;-37,69138506;-5,60196177
RN;24;3756;Fernando Pedroza;3054;2403756;-36,53245354;-5,696015781
RN;24;3806;Florânia;9116;2403806;-36,8140763;-6,126951955
RN;24;3905;Francisco Dantas;2824;2403905;-38,12564976;-6,088096717
RN;24;4002;Frutuoso Gomes;4068;2404002;-37,84096075;-6,156232799
RN;24;4101;Galinhos;2786;2404101;-36,27464007;-5,091689778
RN;24;4200;Goianinha;26328;2404200;-35,21778612;-6,25059039
RN;24;4309;Governador Dix-Sept Rosado;13037;2404309;-37,52191184;-5,458913842
RN;24;4408;Grossos;10383;2404408;-37,15748416;-4,975514807
RN;24;4507;Guamaré;15659;2404507;-36,31814438;-5,107362955
RN;24;4606;Ielmo Marinho;13766;2404606;-35,55282938;-5,815315038
RN;24;4705;Ipanguaçu;15491;2404705;-36,8528746;-5,497148353
RN;24;4804;Ipueira;2241;2404804;-37,19785613;-6,815550762
RN;24;4853;Itajá;7548;2404853;-36,86981811;-5,643547609
RN;24;4903;Itaú;5878;2404903;-37,98826863;-5,837936073
RN;24;5009;Jaçanã;9133;2405009;-36,20559291;-6,424973347
RN;24;5108;Jandaíra;6878;2405108;-36,13058527;-5,35528
RN;24;5207;Janduís;5268;2405207;-37,40921111;-6,016092703
RN;24;5306;Januário Cicco;10181;2405306;-35,60089196;-6,156098023
RN;24;5405;Japi;5055;2405405;-35,94593483;-6,460566013
RN;24;5504;Jardim de Angicos;2612;2405504;-35,96995433;-5,652631212
RN;24;5603;Jardim de Piranhas;14837;2405603;-37,34921785;-6,380097549
RN;24;5702;Jardim do Seridó;12396;2405702;-36,77458152;-6,586336252
RN;24;5801;João Câmara;34955;2405801;-35,81678787;-5,538423383
RN;24;5900;João Dias;2654;2405900;-37,79696078;-6,276114098
RN;24;6007;José da Penha;5951;2406007;-38,28440307;-6,312688443
RN;24;6106;Jucurutu;18295;2406106;-37,02022583;-6,033418784
RN;24;6155;Jundiá;3898;2406155;-35,32778852;-6,269169331
RN;24;6205;Lagoa d'Anta;6769;2406205;-35,59979518;-6,391502323
RN;24;6304;Lagoa de Pedras;7544;2406304;-35,43348273;-6,149739102
RN;24;6403;Lagoa de Velhos;2732;2406403;-35,87069883;-5,999915519
RN;24;6502;Lagoa Nova;15614;2406502;-36,45896067;-6,097669296
RN;24;6601;Lagoa Salgada;8245;2406601;-35,47249757;-6,125818262
RN;24;6700;Lajes;11277;2406700;-36,24273513;-5,698830359
RN;24;6809;Lajes Pintadas;4759;2406809;-36,11844179;-6,151432072
RN;24;6908;Lucrécia;3996;2406908;-37,81563285;-6,116923635
RN;24;7005;Luís Gomes;10116;2407005;-38,38642038;-6,414028142
RN;24;7104;Macaíba;80792;2407104;-35,35523713;-5,85723662
RN;24;7203;Macau;31814;2407203;-36,63497318;-5,11336765
RN;24;7252;Major Sales;4020;2407252;-38,32345502;-6,403756566
RN;24;7302;Marcelino Vieira;8347;2407302;-38,16661262;-6,293549788
RN;24;7401;Martins;8725;2407401;-37,9113274;-6,096347493
RN;24;7500;Maxaranguape;12371;2407500;-35,26207487;-5,505456266
RN;24;7609;Messias Targino;4601;2407609;-37,51205893;-6,076497505
RN;24;7708;Montanhas;11251;2407708;-35,28769196;-6,482242939
RN;24;7807;Monte Alegre;22451;1504802;-54,07337473;-2,003328
RN;24;7906;Monte das Gameleiras;2105;2407906;-35,78660712;-6,439466017
RN;24;8003;Mossoró;297378;2408003;-37,35687414;-5,193801235
RN;24;8102;Natal;884122;2408102;-35,25225473;-5,750898538
RN;24;8201;Nísia Floresta;27602;2408201;-35,21130956;-6,090714146
RN;24;8300;Nova Cruz;37343;2408300;-35,43230039;-6,480064792
RN;24;8409;Olho-d'Água do Borges;4258;2408409;-37,71182098;-5,959258388
RN;24;8508;Ouro Branco;4812;2408508;-36,94629508;-6,699658947
RN;24;8607;Paraná;4254;2408607;-38,31112885;-6,485330501
RN;24;8706;Paraú;3768;2408706;-37,10165014;-5,777055518
RN;24;8805;Parazinho;5237;2408805;-35,84498952;-5,230780734
RN;24;8904;Parelhas;21477;2408904;-36,65780486;-6,688755197
RN;24;8953;Rio do Fogo;10848;2408953;-35,38487204;-5,27155866
RN;24;9100;Passa e Fica;13277;2409100;-35,64735221;-6,429115494
RN;24;9209;Passagem;3089;2409209;-35,37556571;-6,274442213
RN;24;9308;Patu;12755;2409308;-37,6401024;-6,101532067
RN;24;9332;Santa Maria;5551;2409332;-35,69036386;-5,838518701
RN;24;9407;Pau dos Ferros;30394;2409407;-38,20326152;-6,114731839
RN;24;9506;Pedra Grande;3237;2409506;-35,87599064;-5,149387433
RN;24;9605;Pedra Preta;2458;2409605;-36,10313582;-5,581909156
RN;24;9704;Pedro Avelino;6716;2409704;-36,38522926;-5,524002182
RN;24;9803;Pedro Velho;14806;2409803;-35,22293924;-6,433189488
RN;24;9902;Pendências;15129;2409902;-36,71914604;-5,256788171
RN;24;10009;Pilões;3838;2410009;-38,04444316;-6,26572244
RN;24;10108;Poço Branco;15413;2410108;-35,65501177;-5,618851504
RN;24;10207;Portalegre;7867;2410207;-37,98519483;-6,024328013
RN;24;10256;Porto do Mangue;6437;2410256;-36,78053807;-5,069670152
RN;24;10306;Serra Caiada;10395;2410306;-35,70560532;-6,104912786
RN;24;10405;Pureza;9621;2410405;-35,56226823;-5,465918586
RN;24;10504;Rafael Fernandes;5098;2410504;-38,22250289;-6,186495198
RN;24;10603;Rafael Godeiro;3201;2410603;-37,71597407;-6,078296648
RN;24;10702;Riacho da Cruz;3579;2410702;-37,95027471;-5,935802522
RN;24;10801;Riacho de Santana;4204;2410801;-38,31483303;-6,264730547
RN;24;10900;Riachuelo;8128;2410900;-35,82627476;-5,813946965
RN;24;11007;Rodolfo Fernandes;4467;2411007;-38,06287433;-5,787993612
RN;24;11056;Tibau;4106;2411056;-37,25130267;-4,84143741
RN;24;11106;Ruy Barbosa;3600;2411106;-35,93548416;-5,879428941
RN;24;11205;Santa Cruz;39674;2411205;-36,02051657;-6,230075623
RN;24;11403;Santana do Matos;12791;2411403;-36,65410497;-5,957727155
RN;24;11429;Santana do Seridó;2680;2411429;-36,73685164;-6,770151753
RN;24;11502;Santo Antônio;24136;2411502;-35,47513698;-6,305173921
RN;24;11601;São Bento do Norte;2747;2411601;-36,03543135;-5,05950106
RN;24;11700;São Bento do Trairí;4449;2411700;-36,0868875;-6,344481217
RN;24;11809;São Fernando;3584;2411809;-37,18540304;-6,383861073
RN;24;11908;São Francisco do Oeste;4228;2411908;-38,16929618;-6,000636571
RN;24;12005;São Gonçalo do Amarante;102400;2312403;-38,97207587;-3,6056325
RN;24;12104;São João do Sabugi;6193;2412104;-37,20413966;-6,71122435
RN;24;12203;São José de Mipibu;43899;2412203;-35,24027465;-6,070465712
RN;24;12302;São José do Campestre;12856;2412302;-35,71211503;-6,315563981
RN;24;12401;São José do Seridó;4634;2412401;-36,88325889;-6,448798535
RN;24;12500;São Miguel;23519;2412500;-38,49634397;-6,212342919
RN;24;12559;São Miguel do Gostoso;10282;2412559;-35,64128351;-5,122857116
RN;24;12609;São Paulo do Potengi;17579;2412609;-35,76436964;-5,899820334
RN;24;12708;São Pedro;5971;2412708;-35,64031103;-5,897980283
RN;24;12807;São Rafael;8202;2412807;-36,89039756;-5,800934227
RN;24;12906;São Tomé;11055;2412906;-36,07366315;-5,973022347
RN;24;13003;São Vicente;6424;2413003;-36,68866185;-6,214963878
RN;24;13102;Senador Elói de Souza;6086;2413102;-35,69566378;-6,036226429
RN;24;13201;Senador Georgino Avelino;4440;2413201;-35,12417623;-6,158694334
RN;24;13300;Serra de São Bento;5762;2413300;-35,70348982;-6,415366992
RN;24;13359;Serra do Mel;11938;2413359;-37,04130135;-5,165241348
RN;24;13409;Serra Negra do Norte;8078;2413409;-37,39497301;-6,663984336
RN;24;13508;Serrinha;6229;2413508;-35,50134323;-6,277091526
RN;24;13557;Serrinha dos Pintos;4800;2413557;-37,96157905;-6,11412937
RN;24;13607;Severiano Melo;2440;2413607;-37,95658071;-5,778187765
RN;24;13706;Sítio Novo;5522;2111805;-46,69498334;-5,870629891
RN;24;13805;Taboleiro Grande;2566;2413805;-38,04356754;-5,926752292
RN;24;13904;Taipu;12279;2413904;-35,59884656;-5,619666675
RN;24;14001;Tangará;15727;2414001;-35,8001896;-6,197357368
RN;24;14100;Tenente Ananias;10786;2414100;-38,17929789;-6,477543712
RN;24;14159;Tenente Laurentino Cruz;5952;2414159;-36,72066014;-6,147230159
RN;24;14209;Tibau do Sul;14180;2414209;-35,09260037;-6,188071759
RN;24;14308;Timbaúba dos Batistas;2414;2414308;-37,27133991;-6,463289263
RN;24;14407;Touros;33287;2414407;-35,45529317;-5,202606801
RN;24;14456;Triunfo Potiguar;3237;2414456;-37,18379685;-5,866959019
RN;24;14506;Umarizal;10555;2414506;-37,81325849;-5,98990198
RN;24;14605;Upanema;14659;2414605;-37,26014694;-5,641797659
RN;24;14704;Várzea;5500;2414704;-35,37479066;-6,348799891
RN;24;14753;Venha-Ver;4177;2414753;-38,49123017;-6,319422837
RN;24;14803;Vera Cruz;12481;2414803;-35,42810953;-6,045608482
RN;24;14902;Viçosa;1718;2414902;-37,94740902;-5,991857175
RN;24;15008;Vila Flor;3170;2415008;-35,0761275;-6,312791871
PB;25;106;Água Branca;10234;2200202;-42,63513086;-5,893266338
PB;25;205;Aguiar;5640;2500205;-38,17758184;-7,094805762
PB;25;304;Alagoa Grande;28496;2500304;-35,63389198;-7,036775
PB;25;403;Alagoa Nova;20849;2500403;-35,75945654;-7,057798825
PB;25;502;Alagoinha;14489;2500502;-35,54549135;-6,948140405
PB;25;536;Alcantil;5492;2500536;-36,06060433;-7,741477038
PB;25;577;Algodão de Jandaíra;2567;2500577;-36,0060934;-6,904694038
PB;25;601;Alhandra;19588;2500601;-34,91198516;-7,432995302
PB;25;700;São João do Rio do Peixe;18034;2500700;-38,44545357;-6,734430828
PB;25;734;Amparo;2238;2500734;-37,06477525;-7,567211522
PB;25;775;Aparecida;8347;2500775;-38,08333825;-6,783695142
PB;25;809;Araçagi;16987;2500809;-35,38329909;-6,851696617
PB;25;908;Arara;13470;2500908;-35,75954172;-6,826191721
PB;25;1005;Araruna;20312;2501005;-35,73598051;-6,531447021
PB;25;1104;Areia;22819;2501104;-35,7033914;-6,965515
PB;25;1153;Areia de Baraúnas;2128;2501153;-36,94350796;-7,123695013
PB;25;1203;Areial;6998;2501203;-35,92280943;-7,049961089
PB;25;1302;Aroeiras;19153;2501302;-35,71559295;-7,548462023
PB;25;1351;Assunção;3990;2501351;-36,73318748;-7,076326944
PB;25;1401;Baía da Traição;8993;2501401;-34,94993109;-6,679529123
PB;25;1500;Bananeiras;21318;2501500;-35,6315999;-6,749637275
PB;25;1534;Baraúna;4892;2401453;-37,6181802;-5,076618105
PB;25;1575;Barra de Santana;8359;2501575;-35,99631408;-7,522833781
PB;25;1609;Barra de Santa Rosa;15384;2501609;-36,05977264;-6,720252678
PB;25;1708;Barra de São Miguel;6036;2501708;-36,32153597;-7,752670626
PB;25;1807;Bayeux;96880;2501807;-34,92918582;-7,132276485
PB;25;1906;Belém;17676;1501402;-48,48782569;-1,459845
PB;25;2003;Belém do Brejo do Cruz;7342;2502003;-37,53950248;-6,188574998
PB;25;2052;Bernardino Batista;3501;2502052;-38,54886922;-6,453547793
PB;25;2102;Boa Ventura;5366;2502102;-38,21895088;-7,422282145
PB;25;2151;Boa Vista;7051;1400100;-60,67053267;2,816681919
PB;25;2201;Bom Jesus;2561;2201903;-44,36052508;-9,070948984
PB;25;2300;Bom Sucesso;4975;2502300;-37,9300237;-6,445046723
PB;25;2409;Bonito de Santa Fé;11917;2502409;-38,51649531;-7,310763082
PB;25;2508;Boqueirão;17804;2502508;-36,13340475;-7,48264792
PB;25;2607;Igaracy;6117;2502607;-38,14669464;-7,179319291
PB;25;2706;Borborema;5263;2502706;-35,59937597;-6,804305883
PB;25;2805;Brejo do Cruz;14122;2502805;-37,50016264;-6,347707607
PB;25;2904;Brejo dos Santos;6449;2502904;-37,82371018;-6,376183308
PB;25;3001;Caaporã;21828;2503001;-34,91785014;-7,514287641
PB;25;3100;Cabaceiras;5611;2503100;-36,28434189;-7,490669874
PB;25;3209;Cabedelo;67736;2503209;-34,83943002;-6,966983063
PB;25;3308;Cachoeira dos Índios;10244;2503308;-38,67830319;-6,923935853
PB;25;3407;Cacimba de Areia;3682;2503407;-37,15821695;-7,128473377
PB;25;3506;Cacimba de Dentro;17187;2503506;-35,7928209;-6,640016747
PB;25;3555;Cacimbas;7173;2503555;-37,06040211;-7,212359303
PB;25;3605;Caiçara;7201;2503605;-35,46911428;-6,617469791
PB;25;3704;Cajazeiras;61993;2503704;-38,56053037;-6,8904645
PB;25;3753;Cajazeirinhas;3193;2503753;-37,79918433;-6,962692813
PB;25;3803;Caldas Brandão;6014;2503803;-35,34238209;-7,171751437
PB;25;3902;Camalaú;6013;2503902;-36,83161058;-7,891242095
PB;25;4009;Campina Grande;409731;2504009;-35,88385911;-7,22149704
PB;25;4033;Capim;6523;2504033;-35,16773871;-6,910844375
PB;25;4074;Caraúbas;4162;2402303;-37,5537022;-5,791176103
PB;25;4108;Carrapateira;2659;2504108;-38,34421673;-7,039654241
PB;25;4157;Casserengue;7468;2504157;-35,81630483;-6,783760326
PB;25;4207;Catingueira;4932;2504207;-37,6107199;-7,125209784
PB;25;4306;Catolé do Rocha;30546;2504306;-37,74850009;-6,346752995
PB;25;4355;Caturité;4852;2504355;-36,02065882;-7,419618321
PB;25;4405;Conceição;18982;2504405;-38,50915796;-7,560225087
PB;25;4504;Condado;6654;2504504;-37,60397133;-6,912306777
PB;25;4603;Conde;24670;2504603;-34,90715134;-7,263571827
PB;25;4702;Congo;4786;2504702;-36,66153286;-7,792570778
PB;25;4801;Coremas;15445;2504801;-37,94553728;-7,016918284
PB;25;4850;Coxixola;1921;2504850;-36,60482952;-7,628796961
PB;25;4900;Cruz do Espírito Santo;17319;2504900;-35,09148913;-7,141336962
PB;25;5006;Cubati;7797;2505006;-36,34792972;-6,862360609
PB;25;5105;Cuité;20338;2505105;-36,15320817;-6,485555301
PB;25;5204;Cuitegi;6803;2505204;-35,52574123;-6,895813743
PB;25;5238;Cuité de Mamanguape;6353;2505238;-35,25282489;-6,914157473
PB;25;5279;Curral de Cima;5227;2505279;-35,26705727;-6,717430029
PB;25;5303;Curral Velho;2516;2505303;-38,20039145;-7,538085108
PB;25;5352;Damião;5330;2505352;-35,90994254;-6,631897407
PB;25;5402;Desterro;8297;2505402;-37,09216932;-7,29144753
PB;25;5501;Vista Serrana;3798;2505501;-37,56791453;-6,740687272
PB;25;5600;Diamante;6552;2505600;-38,26504421;-7,423583421
PB;25;5709;Dona Inês;10453;2505709;-35,62254065;-6,602122735
PB;25;5808;Duas Estradas;3596;2505808;-35,4181768;-6,688132955
PB;25;5907;Emas;3522;2505907;-37,71458598;-7,107992232
PB;25;6004;Esperança;33007;2506004;-35,85859329;-7,020685
PB;25;6103;Fagundes;11253;2506103;-35,78460888;-7,363061604
PB;25;6202;Frei Martinho;2989;2506202;-36,45204406;-6,404515852
PB;25;6251;Gado Bravo;8316;2506251;-35,7906509;-7,582941177
PB;25;6301;Guarabira;58833;2506301;-35,48996498;-6,852715
PB;25;6400;Gurinhém;14129;2506400;-35,42818606;-7,123215668
PB;25;6509;Gurjão;3428;2506509;-36,48627612;-7,246221661
PB;25;6608;Ibiara;5929;2506608;-38,40556786;-7,497851225
PB;25;6707;Imaculada;11819;2506707;-37,51007486;-7,388537261
PB;25;6806;Ingá;18103;2506806;-35,61768922;-7,295026914
PB;25;6905;Itabaiana;24477;2506905;-35,33753339;-7,3309315
PB;25;7002;Itaporanga;24692;2507002;-38,15257311;-7,303980463
PB;25;7101;Itapororoca;18664;2507101;-35,24629571;-6,829920163
PB;25;7200;Itatuba;10962;2507200;-35,62816125;-7,374957755
PB;25;7309;Jacaraú;14431;2507309;-35,29428245;-6,612968587
PB;25;7408;Jericó;7739;2507408;-37,80864138;-6,556194991
PB;25;7507;João Pessoa;809015;2507507;-34,87338481;-7,14938202
PB;25;7606;Juarez Távora;7936;2507606;-35,59117811;-7,166344627
PB;25;7705;Juazeirinho;18171;2507705;-36,57070101;-7,065368311
PB;25;7804;Junco do Seridó;7150;2507804;-36,71644123;-6,993337649
PB;25;7903;Juripiranga;10756;2507903;-35,23945405;-7,370290773
PB;25;8000;Juru;9867;2508000;-37,81926449;-7,534307138
PB;25;8109;Lagoa;4666;2508109;-37,91509007;-6,594208613
PB;25;8208;Lagoa de Dentro;7719;2508208;-35,37704365;-6,67059905
PB;25;8307;Lagoa Seca;27503;2508307;-35,85144014;-7,158412489
PB;25;8406;Lastro;2737;2508406;-38,17921849;-6,516530626
PB;25;8505;Livramento;7256;2508505;-36,9486293;-7,379002823
PB;25;8554;Logradouro;4332;2508554;-35,44329936;-6,615371422
PB;25;8604;Lucena;13080;2508604;-34,8746091;-6,898849338
PB;25;8703;Mãe d'Água;4009;2508703;-37,42816099;-7,257049093
PB;25;8802;Malta;5759;2508802;-37,51777571;-6,907185123
PB;25;8901;Mamanguape;44882;2508901;-35,1238932;-6,833715147
PB;25;9008;Manaíra;10955;2509008;-38,15307167;-7,704614142
PB;25;9057;Marcação;8558;2509057;-35,01392439;-6,770054174
PB;25;9107;Mari;21837;2509107;-35,31854242;-7,056384
PB;25;9156;Marizópolis;6617;2509156;-38,35539613;-6,844674277
PB;25;9206;Massaranduba;13918;2509206;-35,73751521;-7,180199471
PB;25;9305;Mataraca;8434;2509305;-35,04855767;-6,600518654
PB;25;9339;Matinhas;4500;2509339;-35,77093742;-7,121168344
PB;25;9370;Mato Grosso;2908;2509370;-37,7115727;-6,542633491
PB;25;9396;Maturéia;6569;2509396;-37,35043389;-7,265930002
PB;25;9404;Mogeiro;13284;2509404;-35,4824246;-7,309480532
PB;25;9503;Montadas;5669;2509503;-35,95827543;-7,089096338
PB;25;9602;Monte Horebe;4816;2509602;-38,58365749;-7,209526402
PB;25;9701;Monteiro;33222;2509701;-37,12268068;-7,892217
PB;25;9800;Mulungu;9902;2309102;-38,99306592;-4,29952832
PB;25;9909;Natuba;10454;2509909;-35,55614468;-7,640978825
PB;25;10006;Nazarezinho;7301;2510006;-38,31891258;-6,912700919
PB;25;10105;Nova Floresta;10638;2510105;-36,20249543;-6,456139942
PB;25;10204;Nova Olinda;5949;1714880;-48,42480679;-7,633314911
PB;25;10303;Nova Palmeira;4906;2510303;-36,41871297;-6,676605843
PB;25;10402;Olho d'Água;6526;2510402;-37,75268553;-7,224972649
PB;25;10501;Olivedos;3932;2510501;-36,24366522;-6,988225622
PB;25;10600;Ouro Velho;3039;2510600;-37,15437894;-7,618652125
PB;25;10659;Parari;1771;2510659;-36,65832444;-7,316700101
PB;25;10709;Passagem;2419;2409209;-35,37556571;-6,274442213
PB;25;10808;Patos;107605;2510808;-37,27691334;-7,024491668
PB;25;10907;Paulista;12347;2510907;-37,62105567;-6,59406158
PB;25;11004;Pedra Branca;3801;2310506;-39,71393764;-5,4546855
PB;25;11103;Pedra Lavrada;7843;2511103;-36,47205036;-6,757881461
PB;25;11202;Pedras de Fogo;28458;2511202;-35,11317798;-7,4015385
PB;25;11301;Piancó;16075;2511301;-37,926519;-7,192569876
PB;25;11400;Picuí;18703;2511400;-36,34704603;-6,510135657
PB;25;11509;Pilar;11917;2511509;-35,25988041;-7,259887985
PB;25;11608;Pilões;6635;2410009;-38,04444316;-6,26572244
PB;25;11707;Pilõezinhos;4976;2511707;-35,5305857;-6,840568783
PB;25;11806;Pirpirituba;10579;2511806;-35,49771579;-6,780800098
PB;25;11905;Pitimbu;19065;2511905;-34,81393041;-7,482413396
PB;25;12002;Pocinhos;18564;2512002;-36,05644228;-7,078617269
PB;25;12036;Poço Dantas;3888;2512036;-38,49716553;-6,407175642
PB;25;12077;Poço de José de Moura;4307;2512077;-38,50999999;-6,576918816
PB;25;12101;Pombal;32801;2512101;-37,79826727;-6,769855485
PB;25;12200;Prata;4209;2512200;-37,08233398;-7,696983084
PB;25;12309;Princesa Isabel;23345;2512309;-37,99366401;-7,733866459
PB;25;12408;Puxinanã;13680;2512408;-35,95849407;-7,148906644
PB;25;12507;Queimadas;43967;2512507;-35,89943391;-7,3607915
PB;25;12606;Quixaba;1956;2512606;-37,1470987;-7,030817607
PB;25;12705;Remígio;19621;2512705;-35,79583319;-6,966292952
PB;25;12721;Pedro Régis;6089;2512721;-35,29300585;-6,644471497
PB;25;12747;Riachão;3588;2109502;-46,62335014;-7,364565
PB;25;12754;Riachão do Bacamarte;4521;2512754;-35,65538766;-7,250594773
PB;25;12762;Riachão do Poço;4509;2512762;-35,26124269;-7,151503616
PB;25;12788;Riacho de Santo Antônio;1948;2512788;-36,15670977;-7,690295345
PB;25;12804;Riacho dos Cavalos;8526;2512804;-37,65383539;-6,436494249
PB;25;12903;Rio Tinto;24176;2512903;-35,07885223;-6,8084485
PB;25;13000;Salgadinho;3885;2513000;-36,84550289;-7,103034733
PB;25;13109;Salgado de São Félix;12140;2513109;-35,44330174;-7,355357314
PB;25;13158;Santa Cecília;6558;2513158;-35,87747447;-7,742905962
PB;25;13208;Santa Cruz;6583;2411205;-36,02051657;-6,230075623
PB;25;13307;Santa Helena;5889;2109809;-45,30516119;-2,234532509
PB;25;13356;Santa Inês;3595;2109908;-45,37827245;-3,65857452
PB;25;13406;Santa Luzia;15382;2110005;-45,66501172;-3,968391465
PB;25;13505;Santana de Mangueira;5162;2513505;-38,33258115;-7,55121341
PB;25;13604;Santana dos Garrotes;7031;2513604;-37,9850431;-7,38764446
PB;25;13653;Joca Claudino*;2636;2513653;-38,47915221;-6,484055297
PB;25;13703;Santa Rita;136586;2110203;-44,31994808;-3,134116766
PB;25;13802;Santa Teresinha;4573;2513802;-37,4417178;-7,084191705
PB;25;13851;Santo André;2521;2513851;-36,63097543;-7,220489123
PB;25;13901;São Bento;34031;21105;-37,57166;-7,28333
